[[-0.04218572, -0.07177228, 3.006641, 0.011737783, -0.004729646, 7.414257e-05]]	[[0.0, 0.0, 0.0, 0.0, 0.0, 0.0]]
[[-0.39354193, -2.1936858, 2.682695, 0.3399441, -0.041317414, 0.0006500139]]	[[0.0, 0.0, 0.0, 0.0, 0.0, 0.0]]
[[0.004351515, 0.034245357, 2.9459314, -0.006807007, 0.0004961236, -2.552476e-06]]	[[0.0, 0.0, 0.0, 0.0, 0.0, 0.0]]
[[0.001185252, 0.03827724, 2.9457703, -0.00718739, 0.00020667535, 3.282082e-07]]	[[0.0, 0.0, 0.0, 0.0, 0.0, 0.0]]
[[0.0013549498, 0.03787692, 2.945764, -0.007115299, 0.00023532205, 2.9322584e-07]]	[[0.0, 0.0, 0.0, 0.0, 0.0, 0.0]]
[[0.0014840119, 0.037512556, 2.9457722, -0.0070474683, 0.00025909295, 2.974063e-07]]	[[0.0, 0.0, 0.0, 0.0, 0.0, 0.0]]
[[0.0016132329, 0.0371475, 2.945776, -0.006979086, 0.00028337404, 2.926441e-07]]	[[0.0, 0.0, 0.0, 0.0, 0.0, 0.0]]
[[0.0017419566, 0.036783677, 2.945777, -0.006911337, 0.000307447, 2.8918552e-07]]	[[0.0, 0.0, 0.0, 0.0, 0.0, 0.0]]
[[0.0018712564, 0.03641903, 2.9457843, -0.006843386, 0.0003314784, 2.8958905e-07]]	[[0.0, 0.0, 0.0, 0.0, 0.0, 0.0]]
[[0.0019995929, 0.036052473, 2.9457865, -0.0067749447, 0.0003556396, 2.8398574e-07]]	[[0.0, 0.0, 0.0, 0.0, 0.0, 0.0]]
[[0.002128854, 0.03568628, 2.9457953, -0.0067067565, 0.0003795926, 2.8374555e-07]]	[[0.0, 0.0, 0.0, 0.0, 0.0, 0.0]]
[[0.0022572088, 0.03532044, 2.9457953, -0.0066385893, 0.00040363582, 2.8203104e-07]]	[[0.0, 0.0, 0.0, 0.0, 0.0, 0.0]]
[[0.002385866, 0.03495805, 2.945801, -0.0065706423, 0.00042762695, 2.815731e-07]]	[[0.0, 0.0, 0.0, 0.0, 0.0, 0.0]]
[[0.0025149111, 0.034593493, 2.9458053, -0.006502495, 0.000451798, 2.7800567e-07]]	[[0.0, 0.0, 0.0, 0.0, 0.0, 0.0]]
[[-0.09916265, 0.468743, 1.6276716, -0.061010394, -0.009363119, 9.303973e-05]]	[[0.0, 0.0, 0.0, 0.0, 0.0, 0.0]]
[[-0.0063852514, 0.045701146, 2.9173472, -0.008155142, -0.0007591609, 1.074332e-05]]	[[0.0, 0.0, 0.0, 0.0, 0.0, 0.0]]
[[-0.0025332174, 0.039606627, 2.9318497, -0.007093581, -0.00025887814, 1.1900462e-05]]	[[0.0, 0.0, 0.0, 0.0, 0.0, 0.0]]
[[-0.0024580462, 0.039915383, 2.9331748, -0.0071279802, -0.00023767838, 1.1719249e-05]]	[[0.0, 0.0, 0.0, 0.0, 0.0, 0.0]]
[[-0.0020971256, 0.040054847, 2.9337845, -0.0071528307, -0.00018282175, 1.1121976e-05]]	[[0.0, 0.0, 0.0, 0.0, 0.0, 0.0]]
[[-0.0015715242, 0.039161094, 2.9343321, -0.007033918, -0.00010478898, 1.0279618e-05]]	[[0.0, 0.0, 0.0, 0.0, 0.0, 0.0]]
[[-0.0014933945, 0.039479066, 2.9347012, -0.00708087, -8.6372085e-05, 1.0034653e-05]]	[[0.0, 0.0, 0.0, 0.0, 0.0, 0.0]]
[[-0.0012049531, 0.039807577, 2.935831, -0.0071211914, -4.1884618e-05, 9.625206e-06]]	[[0.0, 0.0, 0.0, 0.0, 0.0, 0.0]]
[[-0.0010529449, 0.03984688, 2.9366007, -0.0071222913, -1.2300608e-05, 9.198039e-06]]	[[0.0, 0.0, 0.0, 0.0, 0.0, 0.0]]
[[-0.000981502, 0.040168528, 2.9373317, -0.007160445, 4.593174e-06, 9.0289195e-06]]	[[0.0, 0.0, 0.0, 0.0, 0.0, 0.0]]
[[-0.00052308233, 0.039864134, 2.9377422, -0.0071147624, 7.213453e-05, 8.457928e-06]]	[[0.0, 0.0, 0.0, 0.0, 0.0, 0.0]]
[[-0.0002896478, 0.039676696, 2.9384062, -0.007082818, 0.00011202278, 7.919244e-06]]	[[0.0, 0.0, 0.0, 0.0, 0.0, 0.0]]
[[0.00023689539, 0.03839176, 2.9384077, -0.0069123455, 0.00018821002, 7.1196364e-06]]	[[0.0, 0.0, 0.0, 0.0, 0.0, 0.0]]
[[0.0004870217, 0.037961785, 2.9384096, -0.0068523386, 0.00022780684, 6.8161576e-06]]	[[0.0, 0.0, 0.0, 0.0, 0.0, 0.0]]
[[0.0007753922, 0.0379149, 2.9388971, -0.0068384623, 0.0002728712, 6.442054e-06]]	[[0.0, 0.0, 0.0, 0.0, 0.0, 0.0]]
[[0.0007726256, 0.038155302, 2.9401124, -0.0068598785, 0.00028069198, 6.362996e-06]]	[[0.0, 0.0, 0.0, 0.0, 0.0, 0.0]]
[[-0.020014832, 0.12325383, 2.9392793, -0.01952935, -0.0028878036, 1.9716977e-05]]	[[0.0, 0.0, 0.0, 0.0, 0.0, 0.0]]
[[0.022181917, -0.048903942, 2.9428027, 0.0061370456, 0.003554912, -6.8168574e-06]]	[[0.0, 0.0, 0.0, 0.0, 0.0, 0.0]]
[[0.0013849285, 0.037303817, 2.9408634, -0.0067357733, 0.0003803261, 5.266268e-06]]	[[0.0, 0.0, 0.0, 0.0, 0.0, 0.0]]
[[0.0015246689, 0.03726386, 2.94121, -0.0067221043, 0.00040614122, 5.049793e-06]]	[[0.0, 0.0, 0.0, 0.0, 0.0, 0.0]]
[[0.0020011957, 0.036340553, 2.9415646, -0.0065974793, 0.0004725321, 4.497707e-06]]	[[0.0, 0.0, 0.0, 0.0, 0.0, 0.0]]
[[0.0023829772, 0.035912428, 2.9415367, -0.0065377597, 0.0005270797, 3.967036e-06]]	[[0.0, 0.0, 0.0, 0.0, 0.0, 0.0]]
[[0.0024081054, 0.035999313, 2.9416807, -0.0065426957, 0.00053548464, 3.9956703e-06]]	[[0.0, 0.0, 0.0, 0.0, 0.0, 0.0]]
[[-0.02098046, 0.1329343, 2.9394383, -0.020992097, -0.0030576037, 1.6351565e-05]]	[[0.0, 0.0, 0.0, 0.0, 0.0, 0.0]]
[[0.02638599, -0.06384941, 2.9455407, 0.008363758, 0.0042281435, -7.92503e-06]]	[[0.0, 0.0, 0.0, 0.0, 0.0, 0.0]]
[[0.0026020946, 0.035644077, 2.9423518, -0.006490527, 0.0005757211, 3.3526746e-06]]	[[0.0, 0.0, 0.0, 0.0, 0.0, 0.0]]
[[0.0029541869, 0.035369955, 2.9428713, -0.0064443517, 0.0006266199, 3.066574e-06]]	[[0.0, 0.0, 0.0, 0.0, 0.0, 0.0]]
[[0.0030366387, 0.03541761, 2.9431672, -0.0064452803, 0.00064127205, 3.0747194e-06]]	[[0.0, 0.0, 0.0, 0.0, 0.0, 0.0]]
[[0.0031060427, 0.035402864, 2.9435549, -0.0064391056, 0.0006537891, 3.02089e-06]]	[[0.0, 0.0, 0.0, 0.0, 0.0, 0.0]]
[[-0.020796295, 0.1327105, 2.941857, -0.020924477, -0.003005205, 1.4309474e-05]]	[[0.0, 0.0, 0.0, 0.0, 0.0, 0.0]]
[[0.027554244, -0.06456103, 2.9459994, 0.008461031, 0.0044020517, -7.814338e-06]]	[[0.0, 0.0, 0.0, 0.0, 0.0, 0.0]]
[[0.0032332416, 0.03533052, 2.943919, -0.006423228, 0.00068214606, 2.5732304e-06]]	[[0.0, 0.0, 0.0, 0.0, 0.0, 0.0]]
[[0.0035683946, 0.034542467, 2.9438012, -0.0063191825, 0.00072843005, 2.2541947e-06]]	[[0.0, 0.0, 0.0, 0.0, 0.0, 0.0]]
[[0.0035902539, 0.03459165, 2.9440396, -0.0063203424, 0.0007344455, 2.3049097e-06]]	[[0.0, 0.0, 0.0, 0.0, 0.0, 0.0]]
[[0.00372612, 0.03412708, 2.9440737, -0.0062582553, 0.0007550913, 2.0999532e-06]]	[[0.0, 0.0, 0.0, 0.0, 0.0, 0.0]]
[[0.003855431, 0.034009755, 2.9442742, -0.006238679, 0.000774375, 1.9881008e-06]]	[[0.0, 0.0, 0.0, 0.0, 0.0, 0.0]]
[[0.0040785423, 0.03377624, 2.9440908, -0.006206292, 0.0008063799, 1.6802102e-06]]	[[0.0, 0.0, 0.0, 0.0, 0.0, 0.0]]
[[0.0039655715, 0.03427483, 2.9444864, -0.0062649357, 0.00079484534, 1.8019065e-06]]	[[0.0, 0.0, 0.0, 0.0, 0.0, 0.0]]
[[0.0042607547, 0.033770587, 2.944229, -0.0062007736, 0.0008340476, 1.4715353e-06]]	[[0.0, 0.0, 0.0, 0.0, 0.0, 0.0]]
[[0.0043409504, 0.033793353, 2.9442356, -0.0061992826, 0.000848199, 1.3102473e-06]]	[[0.0, 0.0, 0.0, 0.0, 0.0, 0.0]]
[[0.0045508086, 0.033090368, 2.94415, -0.0061078686, 0.00087695575, 1.0806708e-06]]	[[0.0, 0.0, 0.0, 0.0, 0.0, 0.0]]
[[0.0045845825, 0.033038355, 2.9445677, -0.0060969763, 0.0008830822, 1.0884057e-06]]	[[0.0, 0.0, 0.0, 0.0, 0.0, 0.0]]
[[0.0046638283, 0.032902718, 2.9443796, -0.006079599, 0.00089543336, 1.0369429e-06]]	[[0.0, 0.0, 0.0, 0.0, 0.0, 0.0]]
[[0.004581184, 0.03294309, 2.9445434, -0.0060823276, 0.0008870423, 1.1231348e-06]]	[[0.0, 0.0, 0.0, 0.0, 0.0, 0.0]]
[[0.004629491, 0.03293215, 2.944479, -0.0060795387, 0.00089551695, 1.0101732e-06]]	[[0.0, 0.0, 0.0, 0.0, 0.0, 0.0]]
[[0.0046115196, 0.033274654, 2.9448404, -0.0061193495, 0.0008952176, 1.0957426e-06]]	[[0.0, 0.0, 0.0, 0.0, 0.0, 0.0]]
[[0.004622235, 0.033124685, 2.9447823, -0.006098673, 0.0008983121, 1.0980447e-06]]	[[0.0, 0.0, 0.0, 0.0, 0.0, 0.0]]
[[0.0048984494, 0.032525536, 2.944659, -0.0060206326, 0.00093523524, 7.529585e-07]]	[[0.0, 0.0, 0.0, 0.0, 0.0, 0.0]]
[[0.004833193, 0.032502588, 2.9448493, -0.006016288, 0.00092803437, 8.4330156e-07]]	[[0.0, 0.0, 0.0, 0.0, 0.0, 0.0]]
[[0.004852369, 0.032430265, 2.944761, -0.0060056457, 0.00093203166, 8.146289e-07]]	[[0.0, 0.0, 0.0, 0.0, 0.0, 0.0]]
[[0.004961453, 0.0323877, 2.9449215, -0.005999527, 0.0009466965, 7.7218965e-07]]	[[0.0, 0.0, 0.0, 0.0, 0.0, 0.0]]
[[0.0048700874, 0.032630954, 2.9450567, -0.0060276324, 0.00093652564, 8.513992e-07]]	[[0.0, 0.0, 0.0, 0.0, 0.0, 0.0]]
[[0.004905205, 0.032556593, 2.9448953, -0.006019058, 0.0009422662, 8.494736e-07]]	[[0.0, 0.0, 0.0, 0.0, 0.0, 0.0]]
[[0.004785775, 0.032921944, 2.9451542, -0.006063569, 0.0009279087, 1.0788742e-06]]	[[0.0, 0.0, 0.0, 0.0, 0.0, 0.0]]
[[0.004787082, 0.032997448, 2.9453168, -0.006071501, 0.0009294792, 1.0467008e-06]]	[[0.0, 0.0, 0.0, 0.0, 0.0, 0.0]]
[[0.0048428955, 0.03285683, 2.9451265, -0.006053991, 0.0009371218, 1.0024218e-06]]	[[0.0, 0.0, 0.0, 0.0, 0.0, 0.0]]
[[0.005025485, 0.032517496, 2.9451275, -0.0060094506, 0.000961888, 7.18054e-07]]	[[0.0, 0.0, 0.0, 0.0, 0.0, 0.0]]
[[0.0050283074, 0.03252949, 2.9452012, -0.006009423, 0.00096325984, 7.279396e-07]]	[[0.0, 0.0, 0.0, 0.0, 0.0, 0.0]]
[[0.0050803297, 0.032406036, 2.9452596, -0.0059946408, 0.0009698816, 6.8817866e-07]]	[[0.0, 0.0, 0.0, 0.0, 0.0, 0.0]]
[[0.0050787013, 0.03248307, 2.9453592, -0.006003175, 0.0009709317, 6.621392e-07]]	[[0.0, 0.0, 0.0, 0.0, 0.0, 0.0]]
[[0.0049596247, 0.032935914, 2.9457107, -0.0060597504, 0.00095640734, 8.2342075e-07]]	[[0.0, 0.0, 0.0, 0.0, 0.0, 0.0]]
[[0.005014498, 0.0327644, 2.9457934, -0.006039589, 0.00096396985, 6.974849e-07]]	[[0.0, 0.0, 0.0, 0.0, 0.0, 0.0]]
[[0.0049856454, 0.03295739, 2.945771, -0.0060630133, 0.00096116733, 7.418588e-07]]	[[0.0, 0.0, 0.0, 0.0, 0.0, 0.0]]
[[0.005039464, 0.03297008, 2.9457033, -0.0060664364, 0.0009682478, 6.7121414e-07]]	[[0.0, 0.0, 0.0, 0.0, 0.0, 0.0]]
[[0.005089431, 0.03298221, 2.945645, -0.0060673147, 0.00097493705, 6.252166e-07]]	[[0.0, 0.0, 0.0, 0.0, 0.0, 0.0]]
[[0.0050257845, 0.033036925, 2.945605, -0.00607629, 0.0009674173, 6.2459344e-07]]	[[0.0, 0.0, 0.0, 0.0, 0.0, 0.0]]
[[0.0051814476, 0.032945212, 2.9454715, -0.0060660485, 0.0009870005, 4.207304e-07]]	[[0.0, 0.0, 0.0, 0.0, 0.0, 0.0]]
[[0.005246364, 0.032770906, 2.9453816, -0.006044117, 0.0009954988, 4.5239213e-07]]	[[0.0, 0.0, 0.0, 0.0, 0.0, 0.0]]
[[0.0052348915, 0.032726515, 2.9454153, -0.0060395673, 0.0009944226, 4.0389975e-07]]	[[0.0, 0.0, 0.0, 0.0, 0.0, 0.0]]
[[0.0051970957, 0.032980613, 2.9454694, -0.006074521, 0.0009886741, 4.825705e-07]]	[[0.0, 0.0, 0.0, 0.0, 0.0, 0.0]]
[[0.0050651366, 0.033047546, 2.9455607, -0.006084204, 0.00097285194, 5.4156027e-07]]	[[0.0, 0.0, 0.0, 0.0, 0.0, 0.0]]
[[0.005136467, 0.033151533, 2.9456472, -0.0061011356, 0.000981097, 4.2817263e-07]]	[[0.0, 0.0, 0.0, 0.0, 0.0, 0.0]]
[[0.0049137734, 0.03369722, 2.9458575, -0.0061736386, 0.0009513673, 6.9981127e-07]]	[[0.0, 0.0, 0.0, 0.0, 0.0, 0.0]]
[[0.0048063085, 0.03415747, 2.9461987, -0.0062343823, 0.00093661784, 8.780452e-07]]	[[0.0, 0.0, 0.0, 0.0, 0.0, 0.0]]
[[0.004778402, 0.03414931, 2.9459357, -0.006237944, 0.00093241944, 8.759122e-07]]	[[0.0, 0.0, 0.0, 0.0, 0.0, 0.0]]
[[0.0048493603, 0.0341152, 2.945824, -0.006238255, 0.00094032794, 7.373444e-07]]	[[0.0, 0.0, 0.0, 0.0, 0.0, 0.0]]
[[0.004900804, 0.033928897, 2.9454677, -0.0062201386, 0.000945818, 5.993841e-07]]	[[0.0, 0.0, 0.0, 0.0, 0.0, 0.0]]
[[0.0047844695, 0.034178294, 2.9454472, -0.0062590754, 0.000929069, 6.647685e-07]]	[[0.0, 0.0, 0.0, 0.0, 0.0, 0.0]]
[[0.0094172275, 0.025000507, 2.9450326, -0.004880501, 0.0015462929, -8.2034984e-07]]	[[0.0, 0.0, 0.0, 0.0, 0.0, 0.0]]
[[0.004411337, 0.034937374, 2.9458125, -0.0063692103, 0.0008833231, 6.4843505e-07]]	[[0.0, 0.0, 0.0, 0.0, 0.0, 0.0]]
[[0.004348097, 0.035289146, 2.9460223, -0.006417729, 0.00087355205, 7.2318494e-07]]	[[0.0, 0.0, 0.0, 0.0, 0.0, 0.0]]
[[-0.00021343803, 0.046011448, 2.9457874, -0.008038364, 0.00024398077, 2.1458093e-06]]	[[0.0, 0.0, 0.0, 0.0, 0.0, 0.0]]
[[-0.015788069, 0.11541008, 2.9433734, -0.018374939, -0.0022402788, 8.41709e-06]]	[[0.0, 0.0, 0.0, 0.0, 0.0, 0.0]]
[[0.028019698, -0.059474822, 2.9474099, 0.007701722, 0.004513518, -7.281969e-06]]	[[0.0, 0.0, 0.0, 0.0, 0.0, 0.0]]
[[0.0050868974, 0.03567616, 2.9448118, -0.006491471, 0.00094895036, 2.9023937e-07]]	[[0.0, 0.0, 0.0, 0.0, 0.0, 0.0]]
[[0.0035475253, 0.038842425, 2.947359, -0.0070029846, 0.000725424, 8.445336e-07]]	[[0.0, 0.0, 0.0, 0.0, 0.0, 0.0]]
[[-0.0010862683, 0.05682764, 2.943738, -0.009645198, 3.0741397e-05, 2.7821923e-06]]	[[0.0, 0.0, 0.0, 0.0, 0.0, 0.0]]
[[0.010301162, 0.013567839, 2.9470212, -0.0031951647, 0.0017564195, -9.4994357e-07]]	[[0.0, 0.0, 0.0, 0.0, 0.0, 0.0]]
[[0.0049302992, 0.033817858, 2.9451544, -0.0062375814, 0.00094221806, 2.9218026e-07]]	[[0.0, 0.0, 0.0, 0.0, 0.0, 0.0]]
[[0.0050729024, 0.03329169, 2.9450707, -0.006163661, 0.0009622135, 2.6344046e-07]]	[[0.0, 0.0, 0.0, 0.0, 0.0, 0.0]]
[[0.0050142137, 0.031467088, 2.946034, -0.0059078173, 0.0009692528, 1.6361501e-07]]	[[0.0, 0.0, 0.0, 0.0, 0.0, 0.0]]
[[0.005396586, 0.032885067, 2.9443586, -0.0060862796, 0.0010090966, 2.9232942e-07]]	[[0.0, 0.0, 0.0, 0.0, 0.0, 0.0]]
[[0.005634361, 0.031101553, 2.9453893, -0.0058361623, 0.0010495955, 3.7209137e-08]]	[[0.0, 0.0, 0.0, 0.0, 0.0, 0.0]]
[[0.005838106, 0.030369276, 2.9452627, -0.005735036, 0.0010779324, -8.889056e-08]]	[[0.0, 0.0, 0.0, 0.0, 0.0, 0.0]]
[[0.0059803342, 0.0299078, 2.94528, -0.00566645, 0.0010990243, -1.2525412e-07]]	[[0.0, 0.0, 0.0, 0.0, 0.0, 0.0]]
[[0.006036971, 0.029745169, 2.9453146, -0.005639463, 0.0011087824, -1.6086926e-07]]	[[0.0, 0.0, 0.0, 0.0, 0.0, 0.0]]
[[0.005943388, 0.030152507, 2.945926, -0.005687534, 0.0010969045, 1.0275389e-07]]	[[0.0, 0.0, 0.0, 0.0, 0.0, 0.0]]
[[0.006068216, 0.029896233, 2.9457624, -0.005656968, 0.0011123621, -1.0746617e-07]]	[[0.0, 0.0, 0.0, 0.0, 0.0, 0.0]]
[[0.0059988284, 0.030136794, 2.9459884, -0.0056872815, 0.0011032253, -2.2550685e-08]]	[[0.0, 0.0, 0.0, 0.0, 0.0, 0.0]]
[[0.0058709453, 0.030411078, 2.9460473, -0.005724317, 0.0010865303, 1.3557367e-07]]	[[0.0, 0.0, 0.0, 0.0, 0.0, 0.0]]
[[0.005782465, 0.030867076, 2.9461586, -0.005794651, 0.0010716429, 1.1325518e-07]]	[[0.0, 0.0, 0.0, 0.0, 0.0, 0.0]]
[[0.009017495, 0.028259527, 2.9454656, -0.0053620096, 0.0014764976, -7.5720396e-07]]	[[0.0, 0.0, 0.0, 0.0, 0.0, 0.0]]
[[0.005812686, 0.030517586, 2.9450412, -0.0057897456, 0.0010702439, -6.848065e-07]]	[[0.0, 0.0, 0.0, 0.0, 0.0, 0.0]]
[[0.005620287, 0.031041184, 2.945347, -0.0058603617, 0.0010439556, -4.667505e-07]]	[[0.0, 0.0, 0.0, 0.0, 0.0, 0.0]]
[[0.005483775, 0.031424657, 2.9454734, -0.005910093, 0.00102609, -2.6037534e-07]]	[[0.0, 0.0, 0.0, 0.0, 0.0, 0.0]]
[[0.0053339717, 0.03180103, 2.9456568, -0.0059592384, 0.0010067004, -1.0742126e-07]]	[[0.0, 0.0, 0.0, 0.0, 0.0, 0.0]]
[[0.005367611, 0.031942796, 2.9455884, -0.0059791137, 0.0010100735, -1.6998128e-07]]	[[0.0, 0.0, 0.0, 0.0, 0.0, 0.0]]
[[0.005400925, 0.031943504, 2.945509, -0.0059834667, 0.0010127594, -2.5754045e-07]]	[[0.0, 0.0, 0.0, 0.0, 0.0, 0.0]]
[[0.0053782715, 0.03214433, 2.945596, -0.0060119573, 0.0010085342, -2.0060719e-07]]	[[0.0, 0.0, 0.0, 0.0, 0.0, 0.0]]
[[0.0055002505, 0.031884626, 2.9452116, -0.00598148, 0.0010233887, -3.765545e-07]]	[[0.0, 0.0, 0.0, 0.0, 0.0, 0.0]]
[[0.003782664, 0.027703328, 2.9458306, -0.0054480177, 0.0008493497, -6.688211e-07]]	[[0.0, 0.0, 0.0, 0.0, 0.0, 0.0]]
[[0.0057382924, 0.032346312, 2.9453843, -0.0060365936, 0.0010467734, -1.4849901e-07]]	[[0.0, 0.0, 0.0, 0.0, 0.0, 0.0]]
[[0.005672594, 0.032590937, 2.9455152, -0.0060662464, 0.0010382349, -3.1017244e-08]]	[[0.0, 0.0, 0.0, 0.0, 0.0, 0.0]]
[[0.0055760476, 0.03276983, 2.9456065, -0.006089508, 0.0010262429, 3.965571e-08]]	[[0.0, 0.0, 0.0, 0.0, 0.0, 0.0]]
[[0.005400856, 0.03308378, 2.9459522, -0.0061287675, 0.0010040929, 2.2148564e-07]]	[[0.0, 0.0, 0.0, 0.0, 0.0, 0.0]]
[[0.005417704, 0.033138085, 2.945954, -0.006142076, 0.001004843, 1.0793777e-07]]	[[0.0, 0.0, 0.0, 0.0, 0.0, 0.0]]
[[0.0052763284, 0.033306696, 2.9461603, -0.0061667142, 0.0009859987, 2.392569e-07]]	[[0.0, 0.0, 0.0, 0.0, 0.0, 0.0]]
[[0.005243519, 0.03349535, 2.946256, -0.006190427, 0.000981834, 2.86699e-07]]	[[0.0, 0.0, 0.0, 0.0, 0.0, 0.0]]
[[0.005246067, 0.033394925, 2.9460766, -0.0061822315, 0.0009811498, 2.268506e-07]]	[[0.0, 0.0, 0.0, 0.0, 0.0, 0.0]]
[[0.005243705, 0.03344329, 2.9459221, -0.006188723, 0.0009812751, 1.8185695e-07]]	[[0.0, 0.0, 0.0, 0.0, 0.0, 0.0]]
[[0.005273092, 0.033315826, 2.945917, -0.0061723418, 0.0009850564, 1.2639029e-07]]	[[0.0, 0.0, 0.0, 0.0, 0.0, 0.0]]
[[0.005317171, 0.033236243, 2.9456954, -0.0061645852, 0.0009903901, 3.9406753e-08]]	[[0.0, 0.0, 0.0, 0.0, 0.0, 0.0]]
[[0.0052942527, 0.033294223, 2.9457293, -0.006169304, 0.0009884532, 7.474892e-08]]	[[0.0, 0.0, 0.0, 0.0, 0.0, 0.0]]
[[0.005345342, 0.0330088, 2.9454026, -0.006137282, 0.0009943239, -6.260778e-08]]	[[0.0, 0.0, 0.0, 0.0, 0.0, 0.0]]
[[0.0053589796, 0.033017017, 2.945473, -0.0061362647, 0.0009963517, -5.476464e-08]]	[[0.0, 0.0, 0.0, 0.0, 0.0, 0.0]]
[[0.0053208903, 0.03306712, 2.9455092, -0.0061403587, 0.0009919803, 5.1204047e-08]]	[[0.0, 0.0, 0.0, 0.0, 0.0, 0.0]]
[[0.00528405, 0.03312486, 2.9456575, -0.00614833, 0.0009871308, 7.923644e-08]]	[[0.0, 0.0, 0.0, 0.0, 0.0, 0.0]]
[[0.005224256, 0.03324004, 2.9457288, -0.006160486, 0.0009798754, 1.9023356e-07]]	[[0.0, 0.0, 0.0, 0.0, 0.0, 0.0]]
[[0.005256603, 0.0332435, 2.9457264, -0.0061607533, 0.0009841173, 1.2525769e-07]]	[[0.0, 0.0, 0.0, 0.0, 0.0, 0.0]]
[[0.005210548, 0.0333658, 2.9459202, -0.0061746486, 0.0009779272, 2.3008315e-07]]	[[0.0, 0.0, 0.0, 0.0, 0.0, 0.0]]
[[0.0052185715, 0.03321277, 2.9457119, -0.0061602034, 0.0009788607, 8.401368e-08]]	[[0.0, 0.0, 0.0, 0.0, 0.0, 0.0]]
[[0.0034340352, 0.039067242, 2.9460866, -0.006977011, 0.0007343263, 1.2333442e-06]]	[[0.0, 0.0, 0.0, 0.0, 0.0, 0.0]]
[[0.005318822, 0.03258986, 2.9456034, -0.0060744192, 0.0009939639, -2.1437636e-08]]	[[0.0, 0.0, 0.0, 0.0, 0.0, 0.0]]
[[0.0053181527, 0.032726865, 2.945669, -0.0060919425, 0.0009937835, -1.4385381e-08]]	[[0.0, 0.0, 0.0, 0.0, 0.0, 0.0]]
[[0.005254759, 0.03284799, 2.945739, -0.0061049624, 0.0009859294, 9.55943e-08]]	[[0.0, 0.0, 0.0, 0.0, 0.0, 0.0]]
[[0.0053532706, 0.03257608, 2.9454062, -0.0060753003, 0.0009975112, -1.1384447e-07]]	[[0.0, 0.0, 0.0, 0.0, 0.0, 0.0]]
[[0.0054246862, 0.032514114, 2.9453108, -0.006069163, 0.0010059387, -1.7541328e-07]]	[[0.0, 0.0, 0.0, 0.0, 0.0, 0.0]]
[[0.0053507267, 0.032626193, 2.9454334, -0.006084048, 0.0009959217, -7.3066715e-08]]	[[0.0, 0.0, 0.0, 0.0, 0.0, 0.0]]
[[0.0052215643, 0.03294385, 2.945774, -0.0061239735, 0.0009789475, 1.0008793e-07]]	[[0.0, 0.0, 0.0, 0.0, 0.0, 0.0]]
[[0.0053237844, 0.032751452, 2.945669, -0.0061034923, 0.0009907751, -6.8244326e-09]]	[[0.0, 0.0, 0.0, 0.0, 0.0, 0.0]]
[[0.0053308085, 0.03268313, 2.9455156, -0.0060934154, 0.0009924498, -5.3755414e-08]]	[[0.0, 0.0, 0.0, 0.0, 0.0, 0.0]]
[[0.0053305165, 0.032682795, 2.9455788, -0.0060939053, 0.0009922017, -5.5223477e-08]]	[[0.0, 0.0, 0.0, 0.0, 0.0, 0.0]]
[[0.005309195, 0.032740965, 2.9454937, -0.0060980185, 0.0009907644, -1.5556648e-08]]	[[0.0, 0.0, 0.0, 0.0, 0.0, 0.0]]
[[0.005262509, 0.03287181, 2.9456239, -0.0061132316, 0.0009851995, 8.042144e-08]]	[[0.0, 0.0, 0.0, 0.0, 0.0, 0.0]]
[[0.005209459, 0.032781776, 2.9456444, -0.0061040157, 0.0009777647, 1.0230375e-07]]	[[0.0, 0.0, 0.0, 0.0, 0.0, 0.0]]
[[0.0052488158, 0.032868404, 2.9456215, -0.0061121387, 0.0009838011, 5.8251462e-08]]	[[0.0, 0.0, 0.0, 0.0, 0.0, 0.0]]
[[0.005260187, 0.032788664, 2.9454658, -0.0061032474, 0.000985409, -2.2162268e-09]]	[[0.0, 0.0, 0.0, 0.0, 0.0, 0.0]]
[[0.005205274, 0.032847844, 2.945562, -0.0061089396, 0.0009789118, 7.854113e-08]]	[[0.0, 0.0, 0.0, 0.0, 0.0, 0.0]]
[[0.0053699296, 0.032429654, 2.9450965, -0.0060641784, 0.0009975949, -1.6720071e-07]]	[[0.0, 0.0, 0.0, 0.0, 0.0, 0.0]]
[[0.005400798, 0.032438878, 2.9450407, -0.006064691, 0.0010018476, -2.3227621e-07]]	[[0.0, 0.0, 0.0, 0.0, 0.0, 0.0]]
[[0.005315336, 0.03263111, 2.9453237, -0.0060884976, 0.0009905804, -7.278545e-08]]	[[0.0, 0.0, 0.0, 0.0, 0.0, 0.0]]
[[0.0052760257, 0.032696087, 2.9453573, -0.0060948026, 0.0009865769, -2.8222205e-08]]	[[0.0, 0.0, 0.0, 0.0, 0.0, 0.0]]
[[0.005321, 0.032617472, 2.9452617, -0.0060863066, 0.000991452, -4.54261e-08]]	[[0.0, 0.0, 0.0, 0.0, 0.0, 0.0]]
[[0.005352855, 0.032613926, 2.945259, -0.006085742, 0.0009950846, -9.9740085e-08]]	[[0.0, 0.0, 0.0, 0.0, 0.0, 0.0]]
[[0.0052909786, 0.03274354, 2.9453323, -0.0060998197, 0.0009881975, 2.2246661e-08]]	[[0.0, 0.0, 0.0, 0.0, 0.0, 0.0]]
[[0.0053074453, 0.032743677, 2.945388, -0.006100177, 0.0009899372, -7.917141e-09]]	[[0.0, 0.0, 0.0, 0.0, 0.0, 0.0]]
[[0.005282836, 0.032807052, 2.9455464, -0.006106975, 0.0009862648, 9.687627e-08]]	[[0.0, 0.0, 0.0, 0.0, 0.0, 0.0]]
[[0.005243473, 0.032866936, 2.9455264, -0.0061120642, 0.0009827297, 1.409689e-07]]	[[0.0, 0.0, 0.0, 0.0, 0.0, 0.0]]
[[0.005253893, 0.032934766, 2.9456134, -0.006120542, 0.0009839159, 9.732639e-08]]	[[0.0, 0.0, 0.0, 0.0, 0.0, 0.0]]
[[0.0052726697, 0.032939132, 2.9456103, -0.0061233076, 0.0009857746, 7.573519e-08]]	[[0.0, 0.0, 0.0, 0.0, 0.0, 0.0]]
[[0.00531559, 0.03271577, 2.9453855, -0.006095532, 0.0009911787, -7.6891915e-09]]	[[0.0, 0.0, 0.0, 0.0, 0.0, 0.0]]
[[0.0052721445, 0.032838665, 2.945453, -0.006111016, 0.0009856216, 7.618847e-08]]	[[0.0, 0.0, 0.0, 0.0, 0.0, 0.0]]
[[0.005323232, 0.032701127, 2.9454951, -0.0060985675, 0.0009902017, -3.0055084e-08]]	[[0.0, 0.0, 0.0, 0.0, 0.0, 0.0]]
[[0.005366992, 0.03271452, 2.9454412, -0.0060971268, 0.0009968334, -6.479339e-08]]	[[0.0, 0.0, 0.0, 0.0, 0.0, 0.0]]
[[0.005260389, 0.032817896, 2.945511, -0.0061082235, 0.0009837868, 9.227172e-08]]	[[0.0, 0.0, 0.0, 0.0, 0.0, 0.0]]
[[0.005248655, 0.032945104, 2.9456372, -0.0061225435, 0.0009821205, 1.573633e-07]]	[[0.0, 0.0, 0.0, 0.0, 0.0, 0.0]]
[[0.005258242, 0.032867704, 2.9456074, -0.0061122626, 0.000983132, 2.1753044e-07]]	[[0.0, 0.0, 0.0, 0.0, 0.0, 0.0]]
[[0.005327125, 0.032668587, 2.9453952, -0.00608552, 0.0009927938, 1.05260185e-07]]	[[0.0, 0.0, 0.0, 0.0, 0.0, 0.0]]
[[0.005239751, 0.03287371, 2.9455614, -0.006107655, 0.000983221, 2.2021582e-07]]	[[0.0, 0.0, 0.0, 0.0, 0.0, 0.0]]
[[0.005235278, 0.032938216, 2.9457123, -0.0061164363, 0.0009819964, 2.4356595e-07]]	[[0.0, 0.0, 0.0, 0.0, 0.0, 0.0]]
[[0.00522309, 0.032924246, 2.9456503, -0.0061143236, 0.0009810126, 2.736917e-07]]	[[0.0, 0.0, 0.0, 0.0, 0.0, 0.0]]
[[0.005250992, 0.032848764, 2.9456098, -0.0061062016, 0.0009840371, 2.045297e-07]]	[[0.0, 0.0, 0.0, 0.0, 0.0, 0.0]]
[[0.00525197, 0.03298719, 2.9456809, -0.006121616, 0.0009847374, 2.303385e-07]]	[[0.0, 0.0, 0.0, 0.0, 0.0, 0.0]]
[[0.00849286, 0.022565324, 2.9452248, -0.0045246333, 0.0014759937, -9.835856e-07]]	[[0.0, 0.0, 0.0, 0.0, 0.0, 0.0]]
[[0.0016518445, 0.044546466, 2.946384, -0.007887993, 0.0004430691, 1.4395639e-06]]	[[0.0, 0.0, 0.0, 0.0, 0.0, 0.0]]
[[0.0077200783, 0.025328904, 2.944885, -0.0049440414, 0.0013554912, -6.794849e-07]]	[[0.0, 0.0, 0.0, 0.0, 0.0, 0.0]]
[[0.0047389558, 0.034751065, 2.9455938, -0.0063841036, 0.0009101509, 3.3556378e-07]]	[[0.0, 0.0, 0.0, 0.0, 0.0, 0.0]]
[[0.004860106, 0.034531448, 2.945781, -0.006352058, 0.0009253779, 3.0227946e-07]]	[[0.0, 0.0, 0.0, 0.0, 0.0, 0.0]]
[[0.004908339, 0.03425082, 2.9455912, -0.0063169105, 0.00093171746, 2.1698769e-07]]	[[0.0, 0.0, 0.0, 0.0, 0.0, 0.0]]
[[0.0050178505, 0.033794276, 2.945313, -0.0062572104, 0.00094679045, 5.5105033e-08]]	[[0.0, 0.0, 0.0, 0.0, 0.0, 0.0]]
[[0.0047634398, 0.034476683, 2.9454887, -0.0063518123, 0.0009114068, 3.3812935e-07]]	[[0.0, 0.0, 0.0, 0.0, 0.0, 0.0]]
[[0.0032658505, 0.039495934, 2.9478383, -0.007140615, 0.00067006954, 8.821112e-07]]	[[0.0, 0.0, 0.0, 0.0, 0.0, 0.0]]
[[0.0046298876, 0.035036214, 2.9454653, -0.0064373207, 0.0008887847, 4.0715187e-07]]	[[0.0, 0.0, 0.0, 0.0, 0.0, 0.0]]
[[0.0015043924, 0.045772575, 2.9436605, -0.008000516, 0.00043707978, 1.9256859e-06]]	[[0.0, 0.0, 0.0, 0.0, 0.0, 0.0]]
[[0.0063488833, 0.028419763, 2.9468758, -0.0054473733, 0.001147681, 1.2543025e-07]]	[[0.0, 0.0, 0.0, 0.0, 0.0, 0.0]]
[[0.0040841284, 0.036535453, 2.9457464, -0.006641178, 0.0008150975, 9.546178e-07]]	[[0.0, 0.0, 0.0, 0.0, 0.0, 0.0]]
[[0.0039246497, 0.036757916, 2.9456868, -0.006676323, 0.0007935654, 1.0653177e-06]]	[[0.0, 0.0, 0.0, 0.0, 0.0, 0.0]]
[[0.003926401, 0.036601674, 2.945676, -0.006649038, 0.0007953304, 1.1442738e-06]]	[[0.0, 0.0, 0.0, 0.0, 0.0, 0.0]]
[[0.004148028, 0.035767734, 2.9456193, -0.006526339, 0.00082875346, 1.0353558e-06]]	[[0.0, 0.0, 0.0, 0.0, 0.0, 0.0]]
[[0.0044877673, 0.03450095, 2.945643, -0.00634066, 0.0008799367, 8.560979e-07]]	[[0.0, 0.0, 0.0, 0.0, 0.0, 0.0]]
[[0.004882805, 0.033159845, 2.9456809, -0.006145867, 0.0009368035, 6.994341e-07]]	[[0.0, 0.0, 0.0, 0.0, 0.0, 0.0]]
[[0.005224268, 0.032273706, 2.9459298, -0.0060160765, 0.0009849311, 4.98625e-07]]	[[0.0, 0.0, 0.0, 0.0, 0.0, 0.0]]
[[0.005427097, 0.03163562, 2.9458902, -0.0059211603, 0.0010150393, 3.9739518e-07]]	[[0.0, 0.0, 0.0, 0.0, 0.0, 0.0]]
[[0.005597881, 0.03129162, 2.9458792, -0.0058696466, 0.0010389, 2.504741e-07]]	[[0.0, 0.0, 0.0, 0.0, 0.0, 0.0]]
[[0.005506314, 0.031279944, 2.9460912, -0.0058673373, 0.0010286769, 3.479177e-07]]	[[0.0, 0.0, 0.0, 0.0, 0.0, 0.0]]
[[0.005680697, 0.030933125, 2.945712, -0.005824973, 0.0010512981, 7.658737e-08]]	[[0.0, 0.0, 0.0, 0.0, 0.0, 0.0]]
[[0.005732141, 0.030943075, 2.9455738, -0.0058334894, 0.0010556221, -3.697921e-08]]	[[0.0, 0.0, 0.0, 0.0, 0.0, 0.0]]
[[0.00492308, 0.034912083, 2.9448457, -0.0064299917, 0.00092125527, 2.0148111e-07]]	[[0.0, 0.0, 0.0, 0.0, 0.0, 0.0]]
[[0.0066421847, 0.025714505, 2.9466338, -0.0050613047, 0.0012130362, -5.2540423e-07]]	[[0.0, 0.0, 0.0, 0.0, 0.0, 0.0]]
[[0.0071629677, 0.02958306, 2.9440541, -0.005604459, 0.0012422726, -3.8561336e-07]]	[[0.0, 0.0, 0.0, 0.0, 0.0, 0.0]]
[[0.0053588334, 0.03209556, 2.9457312, -0.005998696, 0.0010057907, 4.8969852e-08]]	[[0.0, 0.0, 0.0, 0.0, 0.0, 0.0]]
[[0.005330408, 0.032281846, 2.9458055, -0.006027159, 0.0010001921, 2.827414e-08]]	[[0.0, 0.0, 0.0, 0.0, 0.0, 0.0]]
[[0.005383601, 0.027359804, 2.9475372, -0.0053570517, 0.0010375964, -5.1368033e-07]]	[[0.0, 0.0, 0.0, 0.0, 0.0, 0.0]]
[[0.0055077076, 0.032553144, 2.9456303, -0.006069103, 0.0010162514, 1.8272411e-08]]	[[0.0, 0.0, 0.0, 0.0, 0.0, 0.0]]
[[0.005348793, 0.032908767, 2.9457011, -0.006115941, 0.0009965554, 1.290764e-07]]	[[0.0, 0.0, 0.0, 0.0, 0.0, 0.0]]
[[0.005280229, 0.033057828, 2.9457207, -0.0061386363, 0.0009866671, 1.6806763e-07]]	[[0.0, 0.0, 0.0, 0.0, 0.0, 0.0]]
[[0.0052113393, 0.03330317, 2.945842, -0.0061715436, 0.0009774119, 2.3301973e-07]]	[[0.0, 0.0, 0.0, 0.0, 0.0, 0.0]]
[[0.00528483, 0.03314691, 2.9456437, -0.006156869, 0.0009852976, 1.0048764e-07]]	[[0.0, 0.0, 0.0, 0.0, 0.0, 0.0]]
[[0.005343629, 0.032926988, 2.945366, -0.0061288034, 0.0009933341, -2.4676163e-08]]	[[0.0, 0.0, 0.0, 0.0, 0.0, 0.0]]
[[0.005198334, 0.03324456, 2.9457085, -0.0061684595, 0.00097457325, 1.7994796e-07]]	[[0.0, 0.0, 0.0, 0.0, 0.0, 0.0]]
[[0.005174681, 0.03335407, 2.9457638, -0.006182169, 0.0009712828, 2.1069815e-07]]	[[0.0, 0.0, 0.0, 0.0, 0.0, 0.0]]
[[0.0052377777, 0.03313498, 2.9455392, -0.0061592674, 0.0009786759, 5.220463e-08]]	[[0.0, 0.0, 0.0, 0.0, 0.0, 0.0]]
[[0.0051416135, 0.0334537, 2.9458203, -0.006197953, 0.0009662755, 1.8411271e-07]]	[[0.0, 0.0, 0.0, 0.0, 0.0, 0.0]]
[[0.0051117605, 0.033441465, 2.9458828, -0.006196537, 0.00096238666, 2.5392504e-07]]	[[0.0, 0.0, 0.0, 0.0, 0.0, 0.0]]
[[0.0051973774, 0.03324522, 2.9457195, -0.0061703334, 0.0009743009, 1.2068698e-07]]	[[0.0, 0.0, 0.0, 0.0, 0.0, 0.0]]
[[0.005029642, 0.03362392, 2.945985, -0.006214255, 0.0009539334, 3.4362822e-07]]	[[0.0, 0.0, 0.0, 0.0, 0.0, 0.0]]
[[0.0032434564, 0.04125507, 2.946094, -0.0072507667, 0.0007037021, 1.9735273e-06]]	[[0.0, 0.0, 0.0, 0.0, 0.0, 0.0]]
[[0.0054005976, 0.032428086, 2.9455047, -0.006062706, 0.0010016549, -1.6446276e-07]]	[[0.0, 0.0, 0.0, 0.0, 0.0, 0.0]]
[[0.0052976194, 0.032575425, 2.9456372, -0.006077757, 0.0009900238, -3.8878596e-08]]	[[0.0, 0.0, 0.0, 0.0, 0.0, 0.0]]
[[0.005420787, 0.032364767, 2.945293, -0.0060536135, 0.0010049128, -1.6944747e-07]]	[[0.0, 0.0, 0.0, 0.0, 0.0, 0.0]]
[[0.0053641344, 0.03257579, 2.9454532, -0.006078851, 0.0009985813, -1.15044024e-07]]	[[0.0, 0.0, 0.0, 0.0, 0.0, 0.0]]
[[0.005386755, 0.032413762, 2.9453185, -0.0060623824, 0.0009998154, -1.7653022e-07]]	[[0.0, 0.0, 0.0, 0.0, 0.0, 0.0]]
[[0.005301539, 0.03275305, 2.9455426, -0.0061039543, 0.000989345, -3.3140413e-08]]	[[0.0, 0.0, 0.0, 0.0, 0.0, 0.0]]
[[0.0053108684, 0.03267047, 2.9454496, -0.006093147, 0.0009904188, -4.5717478e-08]]	[[0.0, 0.0, 0.0, 0.0, 0.0, 0.0]]
[[0.0052547147, 0.03273599, 2.9456036, -0.006100171, 0.0009833643, 4.2015035e-08]]	[[0.0, 0.0, 0.0, 0.0, 0.0, 0.0]]
[[0.0051961527, 0.032997455, 2.9457312, -0.006131209, 0.0009768367, 1.2452914e-07]]	[[0.0, 0.0, 0.0, 0.0, 0.0, 0.0]]
[[0.0051933974, 0.03305062, 2.945817, -0.006140403, 0.0009751072, 1.3933386e-07]]	[[0.0, 0.0, 0.0, 0.0, 0.0, 0.0]]
[[0.005226926, 0.03290983, 2.9456928, -0.0061238664, 0.000979204, 9.925181e-08]]	[[0.0, 0.0, 0.0, 0.0, 0.0, 0.0]]
[[0.00518006, 0.033043485, 2.9458168, -0.006138918, 0.0009738412, 1.6824731e-07]]	[[0.0, 0.0, 0.0, 0.0, 0.0, 0.0]]
[[0.0052756188, 0.032820772, 2.9455864, -0.00611583, 0.0009847354, -2.463456e-08]]	[[0.0, 0.0, 0.0, 0.0, 0.0, 0.0]]
[[0.005296088, 0.03280725, 2.9455867, -0.006116086, 0.0009860955, -3.504735e-08]]	[[0.0, 0.0, 0.0, 0.0, 0.0, 0.0]]
[[0.0052522863, 0.032885436, 2.945628, -0.0061213765, 0.0009825677, 4.697947e-08]]	[[0.0, 0.0, 0.0, 0.0, 0.0, 0.0]]
[[0.007269006, 0.024886008, 2.9450042, -0.0050138794, 0.0012696299, -1.5838089e-06]]	[[0.0, 0.0, 0.0, 0.0, 0.0, 0.0]]
[[0.004998755, 0.033756614, 2.9457753, -0.0062388293, 0.00094869797, 2.8902897e-07]]	[[0.0, 0.0, 0.0, 0.0, 0.0, 0.0]]
[[0.00515649, 0.033402547, 2.9454277, -0.006195692, 0.00096838316, 7.749857e-08]]	[[0.0, 0.0, 0.0, 0.0, 0.0, 0.0]]
[[0.0051181563, 0.03346019, 2.9455872, -0.0062012207, 0.000963491, 1.3983305e-07]]	[[0.0, 0.0, 0.0, 0.0, 0.0, 0.0]]
[[0.0050893193, 0.03358325, 2.9457123, -0.006214355, 0.000960457, 2.2937769e-07]]	[[0.0, 0.0, 0.0, 0.0, 0.0, 0.0]]
[[0.0051346654, 0.033310607, 2.9455872, -0.0061783902, 0.0009668516, 1.58114e-07]]	[[0.0, 0.0, 0.0, 0.0, 0.0, 0.0]]
[[0.0051076636, 0.033429977, 2.9456537, -0.0061909626, 0.0009640059, 2.2876155e-07]]	[[0.0, 0.0, 0.0, 0.0, 0.0, 0.0]]
[[0.005138071, 0.033335786, 2.9456756, -0.006180624, 0.0009665746, 2.2148728e-07]]	[[0.0, 0.0, 0.0, 0.0, 0.0, 0.0]]
[[0.005103078, 0.033391465, 2.9457674, -0.006187465, 0.0009623055, 2.563663e-07]]	[[0.0, 0.0, 0.0, 0.0, 0.0, 0.0]]
[[0.005136453, 0.033339076, 2.945748, -0.006175291, 0.0009682748, 2.5044247e-07]]	[[0.0, 0.0, 0.0, 0.0, 0.0, 0.0]]
[[0.0051401453, 0.03327033, 2.9457784, -0.0061620288, 0.00097011746, 3.0855003e-07]]	[[0.0, 0.0, 0.0, 0.0, 0.0, 0.0]]
[[0.0050787944, 0.03339817, 2.9458468, -0.006173078, 0.0009642798, 4.2064565e-07]]	[[0.0, 0.0, 0.0, 0.0, 0.0, 0.0]]
[[0.00509594, 0.033245753, 2.9458482, -0.0061530974, 0.0009659007, 4.444365e-07]]	[[0.0, 0.0, 0.0, 0.0, 0.0, 0.0]]
[[0.005177195, 0.03327718, 2.9457402, -0.0061664297, 0.00097411586, 1.6870688e-07]]	[[0.0, 0.0, 0.0, 0.0, 0.0, 0.0]]
[[0.005174635, 0.033129293, 2.9456804, -0.0061443765, 0.000974558, 2.3067003e-07]]	[[0.0, 0.0, 0.0, 0.0, 0.0, 0.0]]
[[0.005210132, 0.03292712, 2.9455333, -0.0061150095, 0.000980506, 1.992485e-07]]	[[0.0, 0.0, 0.0, 0.0, 0.0, 0.0]]
[[0.005225842, 0.032888535, 2.9456873, -0.0061064553, 0.0009836834, 1.9642788e-07]]	[[0.0, 0.0, 0.0, 0.0, 0.0, 0.0]]
[[0.0052474476, 0.032868955, 2.9456267, -0.0061028963, 0.0009866935, 2.1699141e-07]]	[[0.0, 0.0, 0.0, 0.0, 0.0, 0.0]]
[[0.0051053953, 0.033130832, 2.9459388, -0.006132541, 0.00096980506, 4.0781075e-07]]	[[0.0, 0.0, 0.0, 0.0, 0.0, 0.0]]
[[0.0051631457, 0.03297746, 2.9458075, -0.0061160163, 0.0009767782, 2.6078283e-07]]	[[0.0, 0.0, 0.0, 0.0, 0.0, 0.0]]
[[0.005209272, 0.032844443, 2.9455264, -0.006105094, 0.0009807366, 1.5360682e-07]]	[[0.0, 0.0, 0.0, 0.0, 0.0, 0.0]]
[[0.0052770334, 0.032749973, 2.945588, -0.0060890918, 0.0009909484, 1.0292899e-07]]	[[0.0, 0.0, 0.0, 0.0, 0.0, 0.0]]
[[0.0052345702, 0.032814763, 2.945685, -0.006092542, 0.0009868223, 1.9752008e-07]]	[[0.0, 0.0, 0.0, 0.0, 0.0, 0.0]]
[[0.0053310124, 0.032591444, 2.9454048, -0.006066258, 0.0009988765, 6.611227e-08]]	[[0.0, 0.0, 0.0, 0.0, 0.0, 0.0]]
[[0.005329332, 0.03259968, 2.945306, -0.0060725613, 0.0009967152, 8.483274e-09]]	[[0.0, 0.0, 0.0, 0.0, 0.0, 0.0]]
[[0.005366943, 0.03264939, 2.945388, -0.0060852687, 0.0009995421, -8.5147406e-08]]	[[0.0, 0.0, 0.0, 0.0, 0.0, 0.0]]
[[0.005304366, 0.032775734, 2.9455752, -0.006099554, 0.0009917616, 2.5991229e-08]]	[[0.0, 0.0, 0.0, 0.0, 0.0, 0.0]]
[[0.0054102666, 0.032470398, 2.9453633, -0.0060549346, 0.0010075867, -4.724517e-08]]	[[0.0, 0.0, 0.0, 0.0, 0.0, 0.0]]
[[0.005383056, 0.032449264, 2.945364, -0.006051864, 0.0010041456, -2.5490127e-08]]	[[0.0, 0.0, 0.0, 0.0, 0.0, 0.0]]
[[0.0053610406, 0.032460075, 2.9454916, -0.0060489187, 0.0010024571, 6.387146e-08]]	[[0.0, 0.0, 0.0, 0.0, 0.0, 0.0]]
[[0.0053877872, 0.032484386, 2.9455533, -0.0060477066, 0.0010074872, 4.7356046e-08]]	[[0.0, 0.0, 0.0, 0.0, 0.0, 0.0]]
[[0.0053062635, 0.03266185, 2.9457717, -0.0060706595, 0.000996479, 1.7503066e-07]]	[[0.0, 0.0, 0.0, 0.0, 0.0, 0.0]]
[[0.005339461, 0.03256574, 2.9456136, -0.00605899, 0.0010004775, 1.3311377e-07]]	[[0.0, 0.0, 0.0, 0.0, 0.0, 0.0]]
[[0.0051937005, 0.03865626, 2.94463, -0.0069980053, 0.0009065873, -3.15469e-08]]	[[0.0, 0.0, 0.0, 0.0, 0.0, 0.0]]
[[0.005605232, 0.031321764, 2.9455752, -0.0058716144, 0.0010429078, 1.7253306e-07]]	[[0.0, 0.0, 0.0, 0.0, 0.0, 0.0]]
[[0.0056196633, 0.031359974, 2.945534, -0.0058781295, 0.0010443253, 9.0049156e-08]]	[[0.0, 0.0, 0.0, 0.0, 0.0, 0.0]]
[[0.0055241873, 0.03150806, 2.9454446, -0.005902185, 0.0010317619, 8.8734176e-08]]	[[0.0, 0.0, 0.0, 0.0, 0.0, 0.0]]
[[0.0055238963, 0.03175007, 2.945559, -0.0059375702, 0.0010300347, 8.9334705e-08]]	[[0.0, 0.0, 0.0, 0.0, 0.0, 0.0]]
[[0.005514612, 0.03193931, 2.945428, -0.00597299, 0.0010257842, -1.1662913e-07]]	[[0.0, 0.0, 0.0, 0.0, 0.0, 0.0]]
[[0.005594264, 0.031709988, 2.9451513, -0.005946413, 0.0010352107, -2.2862999e-07]]	[[0.0, 0.0, 0.0, 0.0, 0.0, 0.0]]
[[0.0055253417, 0.031808034, 2.9453099, -0.005950544, 0.0010293006, -5.4053096e-08]]	[[0.0, 0.0, 0.0, 0.0, 0.0, 0.0]]
[[0.0055499054, 0.031838156, 2.9452162, -0.0059577827, 0.0010314126, -1.4441572e-07]]	[[0.0, 0.0, 0.0, 0.0, 0.0, 0.0]]
[[0.0054880963, 0.032005984, 2.945369, -0.005979504, 0.0010225432, 3.229535e-08]]	[[0.0, 0.0, 0.0, 0.0, 0.0, 0.0]]
[[0.005450294, 0.03226315, 2.9456108, -0.006012702, 0.0010169898, 8.17263e-08]]	[[0.0, 0.0, 0.0, 0.0, 0.0, 0.0]]
[[0.005427989, 0.032270767, 2.9456801, -0.0060090343, 0.0010155978, 1.5100353e-07]]	[[0.0, 0.0, 0.0, 0.0, 0.0, 0.0]]
[[0.0053614364, 0.032364707, 2.9457927, -0.006022948, 0.0010061571, 2.1346693e-07]]	[[0.0, 0.0, 0.0, 0.0, 0.0, 0.0]]
[[0.005404711, 0.03224088, 2.9456773, -0.006001657, 0.0010137402, 2.0748455e-07]]	[[0.0, 0.0, 0.0, 0.0, 0.0, 0.0]]
[[0.0053925747, 0.032374464, 2.9457417, -0.006015663, 0.0010134493, 2.3395998e-07]]	[[0.0, 0.0, 0.0, 0.0, 0.0, 0.0]]
[[0.0053912676, 0.032381345, 2.9457042, -0.006022254, 0.0010110905, 2.020625e-07]]	[[0.0, 0.0, 0.0, 0.0, 0.0, 0.0]]
[[0.0052714753, 0.03258044, 2.945925, -0.0060429745, 0.0009975607, 3.6205466e-07]]	[[0.0, 0.0, 0.0, 0.0, 0.0, 0.0]]
[[0.0053371605, 0.032439064, 2.945802, -0.006021895, 0.0010069162, 3.402767e-07]]	[[0.0, 0.0, 0.0, 0.0, 0.0, 0.0]]
[[0.0053514414, 0.03244108, 2.945863, -0.006019205, 0.001009622, 3.744164e-07]]	[[0.0, 0.0, 0.0, 0.0, 0.0, 0.0]]
[[0.0052925944, 0.032565594, 2.9459887, -0.006032407, 0.0010031378, 4.7501263e-07]]	[[0.0, 0.0, 0.0, 0.0, 0.0, 0.0]]
[[-0.029173182, 0.15300304, 2.9436457, -0.023967119, -0.0041766562, 1.4488287e-05]]	[[0.0, 0.0, 0.0, 0.0, 0.0, 0.0]]
[[0.007896121, 0.021168588, 2.946053, -0.004337151, 0.0013955182, 5.149144e-07]]	[[0.0, 0.0, 0.0, 0.0, 0.0, 0.0]]
[[0.0075637447, 0.022792457, 2.9460518, -0.004576842, 0.0013449495, 4.2839335e-07]]	[[0.0, 0.0, 0.0, 0.0, 0.0, 0.0]]
[[0.0063718352, 0.027183192, 2.9454546, -0.0052591097, 0.0011572564, 4.836738e-07]]	[[0.0, 0.0, 0.0, 0.0, 0.0, 0.0]]
[[0.04055238, -0.0913781, 2.9482777, 0.012393719, 0.006295841, -1.3512454e-05]]	[[0.0, 0.0, 0.0, 0.0, 0.0, 0.0]]
[[0.0048664096, 0.034996398, 2.9455562, -0.006435598, 0.0009284185, -4.8001925e-07]]	[[0.0, 0.0, 0.0, 0.0, 0.0, 0.0]]
[[0.0049964474, 0.034578905, 2.9454198, -0.006376773, 0.00094646204, -5.010755e-07]]	[[0.0, 0.0, 0.0, 0.0, 0.0, 0.0]]
[[0.0049549416, 0.034861997, 2.9455853, -0.0064048544, 0.0009423906, -3.1951427e-07]]	[[0.0, 0.0, 0.0, 0.0, 0.0, 0.0]]
[[-0.03020417, 0.15710184, 2.94306, -0.02460037, -0.0043387483, 1.4154447e-05]]	[[0.0, 0.0, 0.0, 0.0, 0.0, 0.0]]
[[0.04074688, -0.092027925, 2.9484282, 0.012493672, 0.0063214945, -1.3380153e-05]]	[[0.0, 0.0, 0.0, 0.0, 0.0, 0.0]]
[[0.0048408816, 0.03505644, 2.945424, -0.0064304615, 0.000927623, -2.841906e-07]]	[[0.0, 0.0, 0.0, 0.0, 0.0, 0.0]]
[[0.005213521, 0.03419265, 2.9451606, -0.0063135377, 0.0009763485, -4.781895e-07]]	[[0.0, 0.0, 0.0, 0.0, 0.0, 0.0]]
[[0.00521903, 0.034016658, 2.9451606, -0.0062868977, 0.0009778349, -4.147707e-07]]	[[0.0, 0.0, 0.0, 0.0, 0.0, 0.0]]
[[0.0050844536, 0.034133222, 2.94532, -0.0062974915, 0.0009605772, -1.4702304e-07]]	[[0.0, 0.0, 0.0, 0.0, 0.0, 0.0]]
[[0.0049818256, 0.034366798, 2.9456282, -0.0063215694, 0.00094874215, 8.4058065e-08]]	[[0.0, 0.0, 0.0, 0.0, 0.0, 0.0]]
[[0.0050554625, 0.034196343, 2.9455092, -0.0062970496, 0.00095887046, 2.0461405e-08]]	[[0.0, 0.0, 0.0, 0.0, 0.0, 0.0]]
[[0.00489755, 0.034394488, 2.945759, -0.006318496, 0.00093889626, 2.7939726e-07]]	[[0.0, 0.0, 0.0, 0.0, 0.0, 0.0]]
[[-0.030680466, 0.15860298, 2.9435015, -0.024793716, -0.004401232, 1.4924702e-05]]	[[0.0, 0.0, 0.0, 0.0, 0.0, 0.0]]
[[0.046210833, -0.11541881, 2.9492693, 0.016016504, 0.007196749, -1.5054987e-05]]	[[0.0, 0.0, 0.0, 0.0, 0.0, 0.0]]
[[0.0045761825, 0.03544172, 2.9456344, -0.006472219, 0.00089785346, -1.5463975e-08]]	[[0.0, 0.0, 0.0, 0.0, 0.0, 0.0]]
[[0.00038918015, 0.055665843, 2.9443462, -0.009539317, 0.00018760504, 1.39107e-06]]	[[0.0, 0.0, 0.0, 0.0, 0.0, 0.0]]
[[0.0051148073, 0.033960655, 2.945737, -0.006252889, 0.0009688441, 1.9609102e-07]]	[[0.0, 0.0, 0.0, 0.0, 0.0, 0.0]]
[[0.005051249, 0.033879656, 2.945673, -0.0062407022, 0.00096121524, 3.178419e-07]]	[[0.0, 0.0, 0.0, 0.0, 0.0, 0.0]]
[[0.005035852, 0.033876583, 2.9458559, -0.0062372764, 0.0009596217, 3.495304e-07]]	[[0.0, 0.0, 0.0, 0.0, 0.0, 0.0]]
[[0.0050808783, 0.03364714, 2.9457614, -0.0062066754, 0.00096605875, 3.511821e-07]]	[[0.0, 0.0, 0.0, 0.0, 0.0, 0.0]]
[[0.0050740596, 0.03370829, 2.9459157, -0.0062115425, 0.0009658339, 4.1643162e-07]]	[[0.0, 0.0, 0.0, 0.0, 0.0, 0.0]]
[[0.0049815234, 0.033872407, 2.9460704, -0.0062290765, 0.00095485064, 5.846975e-07]]	[[0.0, 0.0, 0.0, 0.0, 0.0, 0.0]]
[[0.0051852847, 0.033528987, 2.9457953, -0.0061844834, 0.0009805178, 3.440418e-07]]	[[0.0, 0.0, 0.0, 0.0, 0.0, 0.0]]
[[0.0051944624, 0.0332595, 2.9457319, -0.0061470657, 0.0009830155, 3.2783407e-07]]	[[0.0, 0.0, 0.0, 0.0, 0.0, 0.0]]
[[0.009610405, 0.012133127, 2.946922, -0.0029537193, 0.0017263591, -1.1578152e-06]]	[[0.0, 0.0, 0.0, 0.0, 0.0, 0.0]]
[[0.0008473453, 0.055052493, 2.944513, -0.009433749, 0.00024645304, 1.536174e-06]]	[[0.0, 0.0, 0.0, 0.0, 0.0, 0.0]]
[[0.005285305, 0.03290921, 2.9454367, -0.0060975575, 0.0009965894, 2.2443021e-07]]	[[0.0, 0.0, 0.0, 0.0, 0.0, 0.0]]
[[0.009574727, 0.012045515, 2.946988, -0.0029336968, 0.0017254013, -1.1011202e-06]]	[[0.0, 0.0, 0.0, 0.0, 0.0, 0.0]]
[[0.0008084595, 0.055146467, 2.94443, -0.0094424905, 0.00024176917, 1.6532822e-06]]	[[0.0, 0.0, 0.0, 0.0, 0.0, 0.0]]
[[0.009519948, 0.011963761, 2.9470704, -0.0029175777, 0.0017200528, -9.3570634e-07]]	[[0.0, 0.0, 0.0, 0.0, 0.0, 0.0]]
[[0.00089467457, 0.05504657, 2.9441512, -0.009426777, 0.00025422656, 1.5379836e-06]]	[[0.0, 0.0, 0.0, 0.0, 0.0, 0.0]]
[[0.009651927, 0.011619398, 2.9469533, -0.0028677, 0.0017374711, -9.4553144e-07]]	[[0.0, 0.0, 0.0, 0.0, 0.0, 0.0]]
[[0.0052378373, 0.03346264, 2.9452176, -0.006168755, 0.0009925283, 5.8560307e-08]]	[[0.0, 0.0, 0.0, 0.0, 0.0, 0.0]]
[[0.0011502717, 0.054171726, 2.9436965, -0.00931135, 0.00028788255, 1.3304852e-06]]	[[0.0, 0.0, 0.0, 0.0, 0.0, 0.0]]
[[0.0099111125, 0.010865958, 2.946739, -0.0027634036, 0.001772029, -1.1539686e-06]]	[[0.0, 0.0, 0.0, 0.0, 0.0, 0.0]]
[[0.0053011025, 0.03299564, 2.9453623, -0.0061034746, 0.0010023719, 1.3816281e-08]]	[[0.0, 0.0, 0.0, 0.0, 0.0, 0.0]]
[[0.0052226284, 0.033177517, 2.9455838, -0.0061230157, 0.0009925755, 3.0881097e-07]]	[[0.0, 0.0, 0.0, 0.0, 0.0, 0.0]]
[[0.0010720167, 0.05458411, 2.9441757, -0.009356267, 0.0002787586, 1.5156884e-06]]	[[0.0, 0.0, 0.0, 0.0, 0.0, 0.0]]
[[0.009928429, 0.010426653, 2.9470282, -0.0026983074, 0.0017765389, -1.029009e-06]]	[[0.0, 0.0, 0.0, 0.0, 0.0, 0.0]]
[[0.005254891, 0.033111725, 2.9456987, -0.006110393, 0.0009969561, 2.667609e-07]]	[[0.0, 0.0, 0.0, 0.0, 0.0, 0.0]]
[[0.005313695, 0.032919284, 2.9455576, -0.0060828887, 0.0010062268, 2.4664115e-07]]	[[0.0, 0.0, 0.0, 0.0, 0.0, 0.0]]
[[0.0053886375, 0.03284053, 2.9455876, -0.0060716285, 0.0010151356, 2.5630465e-07]]	[[0.0, 0.0, 0.0, 0.0, 0.0, 0.0]]
[[0.0054855268, 0.032521833, 2.9454348, -0.0060270904, 0.0010294901, 9.747796e-08]]	[[0.0, 0.0, 0.0, 0.0, 0.0, 0.0]]
[[0.0055867396, 0.03241071, 2.945284, -0.006013251, 0.001041227, 6.4827276e-08]]	[[0.0, 0.0, 0.0, 0.0, 0.0, 0.0]]
[[0.005462151, 0.03271439, 2.9458313, -0.0060470724, 0.001026208, 2.703747e-07]]	[[0.0, 0.0, 0.0, 0.0, 0.0, 0.0]]
[[0.005512575, 0.032576013, 2.945826, -0.006028694, 0.0010328288, 1.885723e-07]]	[[0.0, 0.0, 0.0, 0.0, 0.0, 0.0]]
[[0.0054753693, 0.03252784, 2.9457662, -0.0060208477, 0.0010282829, 2.703149e-07]]	[[0.0, 0.0, 0.0, 0.0, 0.0, 0.0]]
[[0.0054939077, 0.03257611, 2.9457436, -0.00602559, 0.0010311643, 2.8124825e-07]]	[[0.0, 0.0, 0.0, 0.0, 0.0, 0.0]]
[[0.0055436026, 0.0324799, 2.9456525, -0.0060137664, 0.0010372876, 2.5243224e-07]]	[[0.0, 0.0, 0.0, 0.0, 0.0, 0.0]]
[[0.005568054, 0.032405477, 2.9455621, -0.006000835, 0.0010418027, 2.3535507e-07]]	[[0.0, 0.0, 0.0, 0.0, 0.0, 0.0]]
[[0.0056486893, 0.03232373, 2.9454756, -0.005991209, 0.0010514465, 1.2313346e-07]]	[[0.0, 0.0, 0.0, 0.0, 0.0, 0.0]]
[[0.0056396727, 0.03234024, 2.945382, -0.0059918766, 0.0010503151, 1.8427748e-07]]	[[0.0, 0.0, 0.0, 0.0, 0.0, 0.0]]
[[0.005581766, 0.032595437, 2.945571, -0.0060218438, 0.0010431347, 3.322995e-07]]	[[0.0, 0.0, 0.0, 0.0, 0.0, 0.0]]
[[0.0056594033, 0.032423824, 2.9456012, -0.0059978045, 0.0010534958, 2.5796425e-07]]	[[0.0, 0.0, 0.0, 0.0, 0.0, 0.0]]
[[0.005747559, 0.032131977, 2.945562, -0.005958017, 0.0010660499, 1.2805071e-07]]	[[0.0, 0.0, 0.0, 0.0, 0.0, 0.0]]
[[0.0056531318, 0.032057058, 2.9456508, -0.0059443647, 0.0010548788, 3.2500816e-07]]	[[0.0, 0.0, 0.0, 0.0, 0.0, 0.0]]
[[0.00570334, 0.031959232, 2.9456508, -0.0059270645, 0.0010629667, 2.6542583e-07]]	[[0.0, 0.0, 0.0, 0.0, 0.0, 0.0]]
[[0.005803763, 0.031694412, 2.9455523, -0.0058886693, 0.0010789618, 1.195422e-07]]	[[0.0, 0.0, 0.0, 0.0, 0.0, 0.0]]
[[0.005684618, 0.03164407, 2.9455771, -0.0058733816, 0.0010676434, 2.773419e-07]]	[[0.0, 0.0, 0.0, 0.0, 0.0, 0.0]]
[[0.0057134596, 0.03143961, 2.9456341, -0.005845976, 0.0010734994, 1.7710278e-07]]	[[0.0, 0.0, 0.0, 0.0, 0.0, 0.0]]
[[0.0056406953, 0.031418145, 2.9456322, -0.0058426308, 0.0010651401, 2.0236223e-07]]	[[0.0, 0.0, 0.0, 0.0, 0.0, 0.0]]
[[0.005617674, 0.031391237, 2.9456587, -0.005832435, 0.0010655144, 2.690844e-07]]	[[0.0, 0.0, 0.0, 0.0, 0.0, 0.0]]
[[0.005525473, 0.031325363, 2.945745, -0.0058219656, 0.001055141, 3.5151123e-07]]	[[0.0, 0.0, 0.0, 0.0, 0.0, 0.0]]
[[0.005670166, 0.031209828, 2.9454746, -0.0058140443, 0.0010716353, 1.07158435e-07]]	[[0.0, 0.0, 0.0, 0.0, 0.0, 0.0]]
[[0.005688295, 0.031052455, 2.945499, -0.0057854364, 0.0010762885, 2.1082496e-07]]	[[0.0, 0.0, 0.0, 0.0, 0.0, 0.0]]
[[0.005652772, 0.03105465, 2.9456182, -0.0057836273, 0.0010725121, 2.9578368e-07]]	[[0.0, 0.0, 0.0, 0.0, 0.0, 0.0]]
[[0.0055456692, 0.031407103, 2.9458625, -0.0058306423, 0.0010573454, 4.336845e-07]]	[[0.0, 0.0, 0.0, 0.0, 0.0, 0.0]]
[[0.0057425057, 0.031437956, 2.9454827, -0.005855086, 0.0010747099, 6.3218806e-08]]	[[0.0, 0.0, 0.0, 0.0, 0.0, 0.0]]
[[0.0057303472, 0.03122067, 2.9454787, -0.005818462, 0.0010771339, 1.411517e-07]]	[[0.0, 0.0, 0.0, 0.0, 0.0, 0.0]]
[[0.0056999577, 0.031405136, 2.945689, -0.0058420654, 0.0010721313, 2.2852635e-07]]	[[0.0, 0.0, 0.0, 0.0, 0.0, 0.0]]
[[0.005758508, 0.031183451, 2.9456856, -0.005806765, 0.0010819549, 1.9725552e-07]]	[[0.0, 0.0, 0.0, 0.0, 0.0, 0.0]]
[[0.0059330226, 0.030580191, 2.945425, -0.005719913, 0.0011074423, 9.19969e-08]]	[[0.0, 0.0, 0.0, 0.0, 0.0, 0.0]]
[[0.005883559, 0.030673591, 2.9457, -0.005720575, 0.0011005831, 8.727561e-07]]	[[0.0, 0.0, 0.0, 0.0, 0.0, 0.0]]
[[0.0055437037, 0.029925287, 2.944705, -0.0055623082, 0.0010014616, 1.4256174e-05]]	[[0.0, 0.0, 0.0, 0.0, 0.0, 0.0]]
[[0.76802164, 0.121050574, 2.3934088, -0.023878526, 0.1662193, -0.00024620365]]	[[0.0, 0.0, 0.0, 0.0, 0.0, 0.0]]
[[1.6762213, 0.22115718, 1.79275, -0.046896458, 0.34705722, -0.0013322905]]	[[0.0, 0.0, 0.0, 0.0, 0.0, 0.0]]
[[1.9572095, 0.4410676, 1.5579607, -0.08651842, 0.40606418, -0.0028224739]]	[[0.0, 0.0, 0.0, 0.0, 0.0, 0.0]]
[[2.1473331, 0.30454507, 1.4597229, -0.065155834, 0.4429672, -0.0025888383]]	[[0.0, 0.0, 0.0, 0.0, 0.0, 0.0]]
[[2.1535916, 0.42015558, 1.4222894, -0.08525038, 0.4448505, -0.0032342433]]	[[0.0, 0.0, 0.0, 0.0, 0.0, 0.0]]
[[2.4454887, 0.3449381, 1.2436926, -0.074466065, 0.503617, -0.003167586]]	[[0.0, 0.0, 0.0, 0.0, 0.0, 0.0]]
[[2.690196, 0.41206652, 1.0584122, -0.08704964, 0.55395925, -0.0034734318]]	[[0.0, 0.0, 0.0, 0.0, 0.0, 0.0]]
[[2.7508776, 0.41644934, 1.0185387, -0.0877658, 0.56586826, -0.003493249]]	[[0.0, 0.0, 0.0, 0.0, 0.0, 0.0]]
[[2.9312015, 0.43520352, 0.88232714, -0.091819614, 0.6024372, -0.0036337299]]	[[0.0, 0.0, 0.0, 0.0, 0.0, 0.0]]
[[3.2009766, 0.46719664, 0.67794216, -0.098616205, 0.6571929, -0.0038840938]]	[[0.0, 0.0, 0.0, 0.0, 0.0, 0.0]]
[[3.312722, 0.473225, 0.5953587, -0.09969849, 0.6793702, -0.0038536945]]	[[0.0, 0.0, 0.0, 0.0, 0.0, 0.0]]
[[3.4812186, 0.48942903, 0.47806805, -0.103153005, 0.71347636, -0.0039672293]]	[[0.0, 0.0, 0.0, 0.0, 0.0, 0.0]]
[[3.7364206, 0.5195356, 0.29401082, -0.109365456, 0.7652964, -0.0041662003]]	[[0.0, 0.0, 0.0, 0.0, 0.0, 0.0]]
[[3.720655, 0.5474522, 0.28806293, -0.113895744, 0.761293, -0.004319855]]	[[0.0, 0.0, 0.0, 0.0, 0.0, 0.0]]
[[4.454433, 0.7915914, -0.5566724, -0.1671171, 0.9062174, -0.008198942]]	[[0.0, 0.0, 0.0, 0.0, 0.0, 0.0]]
[[4.4766393, 0.51243746, -0.4639252, -0.1138827, 0.9074445, -0.0055202898]]	[[0.0, 0.0, 0.0, 0.0, 0.0, 0.0]]
[[4.446212, 0.9580177, -0.65152186, -0.1953141, 0.9028646, -0.008757584]]	[[0.0, 0.0, 0.0, 0.0, 0.0, 0.0]]
[[4.656781, 0.69160163, -0.6730921, -0.14755477, 0.94271517, -0.0072811176]]	[[0.0, 0.0, 0.0, 0.0, 0.0, 0.0]]
[[4.969254, 0.7952064, -0.9667779, -0.16719095, 1.0059867, -0.0076941303]]	[[0.0, 0.0, 0.0, 0.0, 0.0, 0.0]]
[[5.0616283, 0.98980683, -1.135061, -0.20498604, 1.0239272, -0.009897787]]	[[0.0, 0.0, 0.0, 0.0, 0.0, 0.0]]
[[5.36091, 0.64518195, -1.184936, -0.14037122, 1.0823449, -0.006833693]]	[[0.0, 0.0, 0.0, 0.0, 0.0, 0.0]]
[[5.4469466, 1.1297753, -1.4806156, -0.2316351, 1.101292, -0.010806618]]	[[0.0, 0.0, 0.0, 0.0, 0.0, 0.0]]
[[5.731266, 0.8467682, -1.5969357, -0.18000218, 1.1567627, -0.008985485]]	[[0.0, 0.0, 0.0, 0.0, 0.0, 0.0]]
[[4.678238, 1.3748062, -3.0882647, -0.2842272, 0.931981, -0.010403028]]	[[0.0, 0.0, 0.0, 0.0, 0.0, 0.0]]
[[4.816649, 1.212401, -3.2918, -0.25680766, 0.9684971, -0.009990144]]	[[0.0, 0.0, 0.0, 0.0, 0.0, 0.0]]
[[4.9649587, 1.5422986, -3.763614, -0.32191002, 0.9971927, -0.012689189]]	[[0.0, 0.0, 0.0, 0.0, 0.0, 0.0]]
[[5.1166286, 1.3312254, -3.7231317, -0.28009242, 1.0273849, -0.010210032]]	[[0.0, 0.0, 0.0, 0.0, 0.0, 0.0]]
[[5.308921, 1.6519672, -4.2366624, -0.34497046, 1.0657252, -0.012993394]]	[[0.0, 0.0, 0.0, 0.0, 0.0, 0.0]]
[[5.911791, 1.1321301, -3.8927877, -0.23973916, 1.1859707, -0.009111199]]	[[0.0, 0.0, 0.0, 0.0, 0.0, 0.0]]
[[5.6981173, 1.7141199, -4.438992, -0.35419306, 1.141412, -0.013921939]]	[[0.0, 0.0, 0.0, 0.0, 0.0, 0.0]]
[[5.9205575, 1.678466, -4.744841, -0.3509606, 1.1840878, -0.014640388]]	[[0.0, 0.0, 0.0, 0.0, 0.0, 0.0]]
[[6.214408, 1.7405674, -5.0346265, -0.3641574, 1.2418793, -0.015372353]]	[[0.0, 0.0, 0.0, 0.0, 0.0, 0.0]]
[[6.461908, 1.5177888, -5.004012, -0.31732818, 1.2906563, -0.012681515]]	[[0.0, 0.0, 0.0, 0.0, 0.0, 0.0]]
[[6.591868, 1.8306687, -5.369846, -0.38066265, 1.3148749, -0.015666382]]	[[0.0, 0.0, 0.0, 0.0, 0.0, 0.0]]
[[6.9247375, 1.6249698, -5.6358356, -0.3400093, 1.3804106, -0.013605221]]	[[0.0, 0.0, 0.0, 0.0, 0.0, 0.0]]
[[7.0337024, 1.9483106, -5.8690567, -0.40434757, 1.4007487, -0.016940936]]	[[0.0, 0.0, 0.0, 0.0, 0.0, 0.0]]
[[7.2319317, 1.9144249, -6.019369, -0.3987105, 1.4388549, -0.016981563]]	[[0.0, 0.0, 0.0, 0.0, 0.0, 0.0]]
[[7.46116, 2.0006235, -6.515948, -0.4170171, 1.4829552, -0.017554313]]	[[0.0, 0.0, 0.0, 0.0, 0.0, 0.0]]
[[7.7110987, 1.7806002, -6.358813, -0.37048307, 1.5331911, -0.014429162]]	[[0.0, 0.0, 0.0, 0.0, 0.0, 0.0]]
[[7.8501077, 2.1771846, -6.976009, -0.45215845, 1.5596142, -0.018649392]]	[[0.0, 0.0, 0.0, 0.0, 0.0, 0.0]]
[[8.145677, 2.1734245, -7.2369537, -0.45176068, 1.6156642, -0.019174462]]	[[0.0, 0.0, 0.0, 0.0, 0.0, 0.0]]
[[8.330967, 2.1762598, -7.3082576, -0.45231643, 1.6512277, -0.019458354]]	[[0.0, 0.0, 0.0, 0.0, 0.0, 0.0]]
[[8.62318, 1.9474576, -7.0450063, -0.40569225, 1.7124056, -0.016858565]]	[[0.0, 0.0, 0.0, 0.0, 0.0, 0.0]]
[[8.795651, 2.3763494, -7.386987, -0.4936449, 1.7476077, -0.0213677]]	[[0.0, 0.0, 0.0, 0.0, 0.0, 0.0]]
[[9.083533, 2.3992062, -8.315815, -0.49613175, 1.7964798, -0.0212965]]	[[0.0, 0.0, 0.0, 0.0, 0.0, 0.0]]
[[9.288279, 2.3748238, -8.333874, -0.49262294, 1.8343023, -0.021876173]]	[[0.0, 0.0, 0.0, 0.0, 0.0, 0.0]]
[[9.548419, 2.470577, -8.677474, -0.5129498, 1.8855673, -0.022823945]]	[[0.0, 0.0, 0.0, 0.0, 0.0, 0.0]]
[[9.83784, 2.1455133, -7.945639, -0.4457159, 1.9482622, -0.019295802]]	[[0.0, 0.0, 0.0, 0.0, 0.0, 0.0]]
[[9.943783, 2.6399813, -8.566733, -0.5463788, 1.9687815, -0.024250917]]	[[0.0, 0.0, 0.0, 0.0, 0.0, 0.0]]
[[10.202709, 2.637564, -8.80865, -0.5466642, 2.0177329, -0.02479131]]	[[0.0, 0.0, 0.0, 0.0, 0.0, 0.0]]
[[10.448563, 2.663259, -9.105392, -0.5521409, 2.0645993, -0.025601508]]	[[0.0, 0.0, 0.0, 0.0, 0.0, 0.0]]
[[10.628701, 2.710947, -9.538574, -0.5613087, 2.0991676, -0.02630903]]	[[0.0, 0.0, 0.0, 0.0, 0.0, 0.0]]
[[10.930897, 2.828236, -9.767257, -0.58527505, 2.1588519, -0.02760615]]	[[0.0, 0.0, 0.0, 0.0, 0.0, 0.0]]
[[11.193086, 2.8384712, -9.974868, -0.5864778, 2.2080867, -0.02763976]]	[[0.0, 0.0, 0.0, 0.0, 0.0, 0.0]]
[[10.783113, 3.9387264, -12.003406, -0.7878878, 2.1543233, -0.043876454]]	[[0.0, 0.0, 0.0, 0.0, 0.0, 0.0]]
[[11.97072, 2.0665858, -3.906642, -0.45428985, 2.4348185, -0.024769414]]	[[0.0, 0.0, 0.0, 0.0, 0.0, 0.0]]
[[11.359719, 2.0194674, -1.6982503, -0.43743604, 2.3218699, -0.022768412]]	[[0.0, 0.0, 0.0, 0.0, 0.0, 0.0]]
[[12.063306, 2.3882406, -0.5138193, -0.49302912, 2.5014064, -0.030567024]]	[[0.0, 0.0, 0.0, 0.0, 0.0, 0.0]]
[[11.276197, 1.6123449, 0.06501525, -0.36025015, 2.3466675, -0.016374936]]	[[0.0, 0.0, 0.0, 0.0, 0.0, 0.0]]
[[10.521535, 1.9476112, 1.1395072, -0.39870584, 2.2072442, -0.01789443]]	[[0.0, 0.0, 0.0, 0.0, 0.0, 0.0]]
[[10.610744, 1.6661508, 1.875674, -0.35849455, 2.2359788, -0.018273335]]	[[0.0, 0.0, 0.0, 0.0, 0.0, 0.0]]
[[10.838356, 2.0821717, 1.8270338, -0.4479231, 2.2845325, -0.026202139]]	[[0.0, 0.0, 0.0, 0.0, 0.0, 0.0]]
[[10.696064, 2.078064, 1.864501, -0.43175414, 2.2588902, -0.022121927]]	[[0.0, 0.0, 0.0, 0.0, 0.0, 0.0]]
[[10.641013, 2.1325448, 1.8470374, -0.44701353, 2.2464957, -0.02424408]]	[[0.0, 0.0, 0.0, 0.0, 0.0, 0.0]]
[[10.699301, 1.9710933, 1.8617804, -0.41864878, 2.2565253, -0.02312073]]	[[0.0, 0.0, 0.0, 0.0, 0.0, 0.0]]
[[10.734567, 1.6954539, 1.9080708, -0.36330342, 2.2640574, -0.018804427]]	[[0.0, 0.0, 0.0, 0.0, 0.0, 0.0]]
[[10.651087, 1.7441236, 1.9258162, -0.36410418, 2.2493663, -0.01687323]]	[[0.0, 0.0, 0.0, 0.0, 0.0, 0.0]]
[[10.666451, 1.6983672, 1.9093835, -0.35789844, 2.251385, -0.016807694]]	[[0.0, 0.0, 0.0, 0.0, 0.0, 0.0]]
[[10.676193, 1.6848928, 1.8975259, -0.35746178, 2.253339, -0.017242806]]	[[0.0, 0.0, 0.0, 0.0, 0.0, 0.0]]
[[10.624107, 1.8514907, 1.8616965, -0.3920042, 2.2423134, -0.020216316]]	[[0.0, 0.0, 0.0, 0.0, 0.0, 0.0]]
[[10.533476, 2.047965, 1.8573526, -0.4261967, 2.224796, -0.021986788]]	[[0.0, 0.0, 0.0, 0.0, 0.0, 0.0]]
[[10.620312, 1.6745701, 1.8948967, -0.35956016, 2.2401536, -0.018677706]]	[[0.0, 0.0, 0.0, 0.0, 0.0, 0.0]]
[[10.585909, 2.0499303, 1.8545486, -0.43592146, 2.233416, -0.024580184]]	[[0.0, 0.0, 0.0, 0.0, 0.0, 0.0]]
[[10.490126, 2.1861205, 1.8771766, -0.45493996, 2.2150722, -0.024781212]]	[[0.0, 0.0, 0.0, 0.0, 0.0, 0.0]]
[[10.597801, 1.8325168, 1.8825392, -0.39303243, 2.2351315, -0.021884438]]	[[0.0, 0.0, 0.0, 0.0, 0.0, 0.0]]
[[10.517569, 2.0913227, 1.8772143, -0.44511247, 2.2201097, -0.025603093]]	[[0.0, 0.0, 0.0, 0.0, 0.0, 0.0]]
[[10.440813, 2.2534163, 1.9017603, -0.46953154, 2.2060344, -0.026254486]]	[[0.0, 0.0, 0.0, 0.0, 0.0, 0.0]]
[[10.519979, 1.9442296, 1.9017347, -0.41705942, 2.2192035, -0.024314677]]	[[0.0, 0.0, 0.0, 0.0, 0.0, 0.0]]
[[10.461625, 2.0499728, 1.8891611, -0.43567473, 2.208451, -0.024813883]]	[[0.0, 0.0, 0.0, 0.0, 0.0, 0.0]]
[[10.362448, 2.3188603, 1.9162021, -0.47956556, 2.1900473, -0.026543563]]	[[0.0, 0.0, 0.0, 0.0, 0.0, 0.0]]
[[10.51018, 1.8550053, 1.9113435, -0.40095258, 2.2152736, -0.02370518]]	[[0.0, 0.0, 0.0, 0.0, 0.0, 0.0]]
[[10.434183, 1.9673069, 1.8805045, -0.41808978, 2.2025652, -0.023180975]]	[[0.0, 0.0, 0.0, 0.0, 0.0, 0.0]]
[[10.447996, 2.0186253, 1.8966188, -0.4274269, 2.2049177, -0.024098812]]	[[0.0, 0.0, 0.0, 0.0, 0.0, 0.0]]
[[10.363443, 2.1742737, 1.9058752, -0.45313513, 2.1889021, -0.02500439]]	[[0.0, 0.0, 0.0, 0.0, 0.0, 0.0]]
[[10.438881, 1.9519583, 1.9222238, -0.41925532, 2.2022943, -0.024809228]]	[[0.0, 0.0, 0.0, 0.0, 0.0, 0.0]]
[[10.379421, 1.8818626, 1.8920655, -0.39862275, 2.1912313, -0.021444563]]	[[0.0, 0.0, 0.0, 0.0, 0.0, 0.0]]
[[10.237464, 2.1868534, 1.9088179, -0.4524816, 2.1633656, -0.024393031]]	[[0.0, 0.0, 0.0, 0.0, 0.0, 0.0]]
[[10.413814, 1.8777168, 1.9308852, -0.40696648, 2.1959317, -0.024595002]]	[[0.0, 0.0, 0.0, 0.0, 0.0, 0.0]]
[[10.337408, 1.7838111, 1.8968463, -0.37709016, 2.1825542, -0.01940535]]	[[0.0, 0.0, 0.0, 0.0, 0.0, 0.0]]
[[10.297539, 1.8224237, 1.8923094, -0.38630816, 2.1737456, -0.0205535]]	[[0.0, 0.0, 0.0, 0.0, 0.0, 0.0]]
[[10.227462, 2.0237396, 1.9590129, -0.42214775, 2.1618128, -0.022459049]]	[[0.0, 0.0, 0.0, 0.0, 0.0, 0.0]]
[[10.268732, 1.8882337, 2.0947149, -0.4067942, 2.1692905, -0.02409728]]	[[0.0, 0.0, 0.0, 0.0, 0.0, 0.0]]
[[10.289756, 1.9800073, 2.1106842, -0.4156659, 2.1742566, -0.023761772]]	[[0.0, 0.0, 0.0, 0.0, 0.0, 0.0]]
[[9.884639, 2.733415, 2.1967652, -0.58331454, 2.096172, -0.038280863]]	[[0.0, 0.0, 0.0, 0.0, 0.0, 0.0]]
[[9.707585, 2.8325152, 2.9546187, -0.61183333, 2.0630746, -0.044985157]]	[[0.0, 0.0, 0.0, 0.0, 0.0, 0.0]]
[[9.058606, 1.7186404, 4.652036, -0.36131907, 1.9578937, -0.019652514]]	[[0.0, 0.0, 0.0, 0.0, 0.0, 0.0]]
[[8.370324, 1.7342508, 5.1337514, -0.3744139, 1.8239129, -0.022228342]]	[[0.0, 0.0, 0.0, 0.0, 0.0, 0.0]]
[[6.991026, 1.3871295, 5.5391345, -0.29814824, 1.5367216, -0.016890947]]	[[0.0, 0.0, 0.0, 0.0, 0.0, 0.0]]
[[5.753577, 1.0015547, 6.072167, -0.21667455, 1.281925, -0.011056255]]	[[0.0, 0.0, 0.0, 0.0, 0.0, 0.0]]
[[3.5266285, 0.46987882, 6.0027075, -0.10243979, 0.80141866, -0.0037422592]]	[[0.0, 0.0, 0.0, 0.0, 0.0, 0.0]]
[[0.6229902, 0.26426643, 3.060517, -0.034857217, 0.08957545, -0.00035827784]]	[[0.0, 0.0, 0.0, 0.0, 0.0, 0.0]]
[[-0.13945903, 0.19676879, 2.9508264, -0.030555008, -0.020043118, -3.1631385e-05]]	[[0.0, 0.0, 0.0, 0.0, 0.0, 0.0]]
[[-0.024986116, -0.14705141, 2.9582877, 0.020715669, -0.0025555643, 0.00010057755]]	[[0.0, 0.0, 0.0, 0.0, 0.0, 0.0]]
[[-0.0727287, 0.022682685, 2.9533987, -0.004573711, -0.00950885, 2.3887054e-05]]	[[0.0, 0.0, 0.0, 0.0, 0.0, 0.0]]
[[-0.09985119, 0.13466129, 2.9487271, -0.021332629, -0.013541613, -2.7701097e-05]]	[[0.0, 0.0, 0.0, 0.0, 0.0, 0.0]]
[[-0.026011005, -0.083206125, 2.9553697, 0.011233581, -0.0022563555, 6.3853804e-05]]	[[0.0, 0.0, 0.0, 0.0, 0.0, 0.0]]
[[-0.055317543, 0.024052225, 2.951284, -0.00477857, -0.0065081464, 1.3536381e-05]]	[[0.0, 0.0, 0.0, 0.0, 0.0, 0.0]]
[[-0.083437406, 0.13447772, 2.947063, -0.021310369, -0.010720246, -3.6579124e-05]]	[[0.0, 0.0, 0.0, 0.0, 0.0, 0.0]]
[[-0.012840693, -0.07993951, 2.953676, 0.010754312, 2.6047002e-05, 5.5225708e-05]]	[[0.0, 0.0, 0.0, 0.0, 0.0, 0.0]]
[[-0.042078678, 0.02626113, 2.949948, -0.0051087462, -0.0042753196, 5.7204434e-06]]	[[0.0, 0.0, 0.0, 0.0, 0.0, 0.0]]
[[-0.03719833, 0.020675045, 2.9485936, -0.0043017277, -0.003464168, 5.880632e-06]]	[[0.0, 0.0, 0.0, 0.0, 0.0, 0.0]]
[[-0.06724063, 0.13689965, 2.9465015, -0.021644175, -0.008030307, -4.4306704e-05]]	[[0.0, 0.0, 0.0, 0.0, 0.0, 0.0]]
[[-0.00076651573, -0.0743289, 2.9521947, 0.009928631, 0.0020845977, 4.4709785e-05]]	[[0.0, 0.0, 0.0, 0.0, 0.0, 0.0]]
[[-0.029241368, 0.026602687, 2.9487119, -0.005150652, -0.0021375301, -5.290362e-07]]	[[0.0, 0.0, 0.0, 0.0, 0.0, 0.0]]
[[-0.024981597, 0.021642333, 2.9478743, -0.004431626, -0.0014762534, -2.788955e-07]]	[[0.0, 0.0, 0.0, 0.0, 0.0, 0.0]]
[[0.9759626, 0.345494, 2.8435714, -0.06598185, 0.21867001, -0.0025978528]]	[[0.0, 0.0, 0.0, 0.0, 0.0, 0.0]]
[[2.248657, 0.278323, 2.7233856, -0.06155618, 0.45922908, -0.0035739043]]	[[0.0, 0.0, 0.0, 0.0, 0.0, 0.0]]
[[2.3504698, 0.39347142, 2.7037573, -0.07985462, 0.48047027, -0.0037867145]]	[[0.0, 0.0, 0.0, 0.0, 0.0, 0.0]]
[[2.392609, 0.39689896, 2.7050993, -0.080633126, 0.48876792, -0.0038367915]]	[[0.0, 0.0, 0.0, 0.0, 0.0, 0.0]]
[[2.2797728, 0.49648285, 2.7124112, -0.09492633, 0.46685937, -0.0038025365]]	[[0.0, 0.0, 0.0, 0.0, 0.0, 0.0]]
[[2.36804, 0.3135122, 2.7230904, -0.06769968, 0.48216167, -0.003733347]]	[[0.0, 0.0, 0.0, 0.0, 0.0, 0.0]]
[[2.4118571, 0.36969817, 2.7185173, -0.07641947, 0.49160695, -0.0037970722]]	[[0.0, 0.0, 0.0, 0.0, 0.0, 0.0]]
[[2.4559925, 0.40802026, 2.7150166, -0.08249698, 0.5005912, -0.0038830217]]	[[0.0, 0.0, 0.0, 0.0, 0.0, 0.0]]
[[2.4674637, 0.40740728, 2.7173347, -0.08233759, 0.5026194, -0.003866718]]	[[0.0, 0.0, 0.0, 0.0, 0.0, 0.0]]
[[2.4375234, 0.4002881, 2.7245412, -0.080899864, 0.49626222, -0.0037901057]]	[[0.0, 0.0, 0.0, 0.0, 0.0, 0.0]]
[[2.554616, 0.41667157, 2.6831496, -0.084238574, 0.5194565, -0.0039659995]]	[[0.0, 0.0, 0.0, 0.0, 0.0, 0.0]]
[[2.4754574, 0.45289177, 2.8151445, -0.08886722, 0.5032562, -0.0038914313]]	[[0.0, 0.0, 0.0, 0.0, 0.0, 0.0]]
[[2.3761036, 0.4120841, 3, -0.079370394, 0.4826919, -0.002933358]]	[[0.0, 0.0, 0.0, 0.0, 0.0, 0.0]]
[[2.1172497, -0.5377412, 3, 0.05110926, 0.4262016, -0.0015461025]]	[[0.0, 0.0, 0.0, 0.0, 0.0, 0.0]]
[[1.6536827, 0.20671238, 3, -0.04116707, 0.33579278, -0.0011062011]]	[[0.0, 0.0, 0.0, 0.0, 0.0, 0.0]]
[[2.0906062, 0.25277242, 3, -0.050572664, 0.4238284, -0.0014157846]]	[[0.0, 0.0, 0.0, 0.0, 0.0, 0.0]]
[[2.0299792, 0.24547218, 3, -0.049201146, 0.4115707, -0.0013670862]]	[[0.0, 0.0, 0.0, 0.0, 0.0, 0.0]]
[[2.0527277, 0.35599554, 3, -0.072305016, 0.41559306, -0.0035487062]]	[[0.0, 0.0, 0.0, 0.0, 0.0, 0.0]]
[[1.9528139, 0.24712668, 3, -0.04905463, 0.39652172, -0.001439395]]	[[0.0, 0.0, 0.0, 0.0, 0.0, 0.0]]
[[2.1946645, 0.2649417, 3, -0.05296902, 0.44458887, -0.0015157403]]	[[0.0, 0.0, 0.0, 0.0, 0.0, 0.0]]
[[1.9853584, 0.2387333, 3, -0.047822762, 0.4023112, -0.0013542946]]	[[0.0, 0.0, 0.0, 0.0, 0.0, 0.0]]
[[1.9735067, 0.23823684, 3, -0.047661237, 0.39967853, -0.0013518308]]	[[0.0, 0.0, 0.0, 0.0, 0.0, 0.0]]
[[1.9592917, 0.2364965, 3, -0.047335498, 0.39673975, -0.0013537329]]	[[0.0, 0.0, 0.0, 0.0, 0.0, 0.0]]
[[1.8411094, 0.21775176, 3, -0.043503594, 0.37276, -0.0011848263]]	[[0.0, 0.0, 0.0, 0.0, 0.0, 0.0]]
[[1.948556, 0.22223216, 3, -0.04438107, 0.3943731, -0.0011191873]]	[[0.0, 0.0, 0.0, 0.0, 0.0, 0.0]]
[[2.0290356, 0.22261228, 3, -0.044430133, 0.41054267, -0.0010135012]]	[[0.0, 0.0, 0.0, 0.0, 0.0, 0.0]]
[[1.9572722, 0.20601809, 3, -0.04108568, 0.39603865, -0.0007953511]]	[[0.0, 0.0, 0.0, 0.0, 0.0, 0.0]]
[[1.9537125, 0.1982249, 3, -0.039473608, 0.3951526, -0.0006414963]]	[[0.0, 0.0, 0.0, 0.0, 0.0, 0.0]]
[[1.9527929, 0.18953794, 3, -0.037703022, 0.3948859, -0.0004818582]]	[[0.0, 0.0, 0.0, 0.0, 0.0, 0.0]]
[[1.9220605, 0.17820391, 3, -0.03540763, 0.38860136, -0.00033831582]]	[[0.0, 0.0, 0.0, 0.0, 0.0, 0.0]]
[[2.0462976, 0.17944287, 3, -0.035654247, 0.41358066, -0.0001917354]]	[[0.0, 0.0, 0.0, 0.0, 0.0, 0.0]]
[[2.0130029, 0.16676937, 3, -0.033093352, 0.40678433, 1.1551629e-05]]	[[0.0, 0.0, 0.0, 0.0, 0.0, 0.0]]
[[1.6964767, 0.13488376, 3, -0.02666227, 0.34280843, 0.00016241941]]	[[0.0, 0.0, 0.0, 0.0, 0.0, 0.0]]
[[2.0597453, 0.15052053, 3, -0.029763892, 0.4158725, 0.00036836843]]	[[0.0, 0.0, 0.0, 0.0, 0.0, 0.0]]
[[1.9431264, 0.13774358, 3, -0.027250476, 0.39235193, 0.00044670588]]	[[0.0, 0.0, 0.0, 0.0, 0.0, 0.0]]
[[2.0784833, 0.14529525, 3, -0.02871513, 0.41948476, 0.0004886207]]	[[0.0, 0.0, 0.0, 0.0, 0.0, 0.0]]
[[1.9962201, 0.13898586, 3, -0.02747855, 0.40286952, 0.00044987144]]	[[0.0, 0.0, 0.0, 0.0, 0.0, 0.0]]
[[1.954391, 0.13604444, 3, -0.026891012, 0.3943237, 0.00044415213]]	[[0.0, 0.0, 0.0, 0.0, 0.0, 0.0]]
[[1.9938471, 0.13729553, 3, -0.02712594, 0.40217122, 0.00047175123]]	[[0.0, 0.0, 0.0, 0.0, 0.0, 0.0]]
[[1.9946922, 0.13570254, 3, -0.026861012, 0.40225986, 0.00048680042]]	[[0.0, 0.0, 0.0, 0.0, 0.0, 0.0]]
[[1.836658, 0.119800195, 3, -0.023648398, 0.37034392, 0.00056221616]]	[[0.0, 0.0, 0.0, 0.0, 0.0, 0.0]]
[[2.0271363, 2.4441445, 3, -0.33236498, 0.4217227, -0.0032222627]]	[[0.0, 0.0, 0.0, 0.0, 0.0, 0.0]]
[[2.074996, -1.9730157, 3, 0.23728968, 0.4064861, 0.00017416626]]	[[0.0, 0.0, 0.0, 0.0, 0.0, 0.0]]
[[1.8602403, 2.4323535, 3, -0.33055025, 0.3883595, -0.003264955]]	[[0.0, 0.0, 0.0, 0.0, 0.0, 0.0]]
[[2.028814, 0.36326203, 3, -0.07796297, 0.41234386, -0.0053251316]]	[[0.0, 0.0, 0.0, 0.0, 0.0, 0.0]]
[[1.9522983, -1.9050508, 3, 0.2292853, 0.38167393, 0.0001951687]]	[[0.0, 0.0, 0.0, 0.0, 0.0, 0.0]]
[[1.8939716, 2.3831306, 3, -0.32806426, 0.39557862, -0.0039004683]]	[[0.0, 0.0, 0.0, 0.0, 0.0, 0.0]]
[[1.8294878, 0.34376493, 3, -0.072707765, 0.3719829, -0.0049182596]]	[[0.0, 0.0, 0.0, 0.0, 0.0, 0.0]]
[[1.887301, -1.8399969, 3, 0.22205545, 0.36830243, 0.00025479513]]	[[0.0, 0.0, 0.0, 0.0, 0.0, 0.0]]
[[1.83821, 2.3167107, 3, -0.32060245, 0.38450798, -0.00405776]]	[[0.0, 0.0, 0.0, 0.0, 0.0, 0.0]]
[[1.6416391, 0.3149587, 3, -0.06607372, 0.33411846, -0.004378622]]	[[0.0, 0.0, 0.0, 0.0, 0.0, 0.0]]
[[1.8698599, -1.7791121, 3, 0.21489863, 0.36458835, 0.00026474526]]	[[0.0, 0.0, 0.0, 0.0, 0.0, 0.0]]
[[1.6063331, 2.28675, 3, -0.3833185, 0.3515823, -0.0072658206]]	[[0.0, 0.0, 0.0, 0.0, 0.0, 0.0]]
[[1.7362738, 1.1811037, 3, -0.17859133, 0.33936247, -0.018765591]]	[[0.0, 0.0, 0.0, 0.0, 0.0, 0.0]]
[[2.1779726, -1.6807585, 3, 0.20154631, 0.4263087, 0.0001143975]]	[[0.0, 0.0, 0.0, 0.0, 0.0, 0.0]]
[[1.6566583, 2.18803, 3, -0.30420342, 0.3486243, -0.0041312645]]	[[0.0, 0.0, 0.0, 0.0, 0.0, 0.0]]
[[1.6102953, 0.3221667, 3, -0.0670489, 0.32841054, -0.0043457835]]	[[0.0, 0.0, 0.0, 0.0, 0.0, 0.0]]
[[1.6812338, 0.3092344, 3, -0.06718036, 0.3425303, -0.0045180097]]	[[0.0, 0.0, 0.0, 0.0, 0.0, 0.0]]
[[1.8708339, -1.5712501, 3, 0.18669362, 0.36423355, -0.00030345362]]	[[0.0, 0.0, 0.0, 0.0, 0.0, 0.0]]
[[1.548407, 2.0856414, 3, -0.29204842, 0.32699683, -0.0044361814]]	[[0.0, 0.0, 0.0, 0.0, 0.0, 0.0]]
[[1.6001625, 0.3446819, 3, -0.070880465, 0.326762, -0.004559551]]	[[0.0, 0.0, 0.0, 0.0, 0.0, 0.0]]
[[1.592081, 0.3132456, 3, -0.06729817, 0.32449993, -0.0045487275]]	[[0.0, 0.0, 0.0, 0.0, 0.0, 0.0]]
[[1.7700384, -1.4618931, 3, 0.17190202, 0.34357157, -0.0006908854]]	[[0.0, 0.0, 0.0, 0.0, 0.0, 0.0]]
[[1.4815477, 2.004033, 3, -0.28246373, 0.3139172, -0.0047575417]]	[[0.0, 0.0, 0.0, 0.0, 0.0, 0.0]]
[[1.506633, 0.34051204, 3, -0.069561586, 0.30781078, -0.004456716]]	[[0.0, 0.0, 0.0, 0.0, 0.0, 0.0]]
[[1.7138221, 0.3537218, 3, -0.07509686, 0.34933195, -0.005087754]]	[[0.0, 0.0, 0.0, 0.0, 0.0, 0.0]]
[[1.7994977, -1.3579422, 3, 0.15718915, 0.34946355, -0.0009785141]]	[[0.0, 0.0, 0.0, 0.0, 0.0, 0.0]]
[[1.3868421, 1.9213114, 3, -0.2715888, 0.29491696, -0.0048118606]]	[[0.0, 0.0, 0.0, 0.0, 0.0, 0.0]]
[[1.5033146, 0.3498197, 3, -0.0712819, 0.30746025, -0.0045072897]]	[[0.0, 0.0, 0.0, 0.0, 0.0, 0.0]]
[[1.5026155, 0.31957123, 3, -0.06783673, 0.30665264, -0.004566614]]	[[0.0, 0.0, 0.0, 0.0, 0.0, 0.0]]
[[1.5678762, -1.2982246, 3, 0.150464, 0.30260345, -0.001025918]]	[[0.0, 0.0, 0.0, 0.0, 0.0, 0.0]]
[[1.4327832, 1.6209022, 3, -0.23001617, 0.30260274, -0.004997632]]	[[0.0, 0.0, 0.0, 0.0, 0.0, 0.0]]
[[1.314091, 0.38504478, 3, -0.073199436, 0.26971278, -0.0039941184]]	[[0.0, 0.0, 0.0, 0.0, 0.0, 0.0]]
[[1.3999157, 0.29293418, 3, -0.061826997, 0.28573066, -0.003945383]]	[[0.0, 0.0, 0.0, 0.0, 0.0, 0.0]]
[[1.5332603, -1.0675526, 3, 0.1172686, 0.2969008, -0.000984149]]	[[0.0, 0.0, 0.0, 0.0, 0.0, 0.0]]
[[1.2899576, 1.5560331, 3, -0.21916322, 0.27398783, -0.004648793]]	[[0.0, 0.0, 0.0, 0.0, 0.0, 0.0]]
[[1.3930291, 0.34038442, 3, -0.06685552, 0.28568614, -0.003714674]]	[[0.0, 0.0, 0.0, 0.0, 0.0, 0.0]]
[[1.2678618, 0.29612717, 3, -0.06035318, 0.25933218, -0.0034274952]]	[[0.0, 0.0, 0.0, 0.0, 0.0, 0.0]]
[[1.38372, 0.31412888, 3, -0.0644482, 0.28284317, -0.00381365]]	[[0.0, 0.0, 0.0, 0.0, 0.0, 0.0]]
[[1.511103, -1.0261017, 3, 0.11265514, 0.2942282, -0.00097584666]]	[[0.0, 0.0, 0.0, 0.0, 0.0, 0.0]]
[[1.1671022, 1.4327049, 3, -0.20044228, 0.24895653, -0.004113479]]	[[0.0, 0.0, 0.0, 0.0, 0.0, 0.0]]
[[1.3019613, 0.3226202, 3, -0.06279571, 0.26746783, -0.0032948148]]	[[0.0, 0.0, 0.0, 0.0, 0.0, 0.0]]
[[1.3353677, 0.29771873, 3, -0.06111641, 0.27509534, -0.003481517]]	[[0.0, 0.0, 0.0, 0.0, 0.0, 0.0]]
[[1.4508444, -0.9538018, 3, 0.103147455, 0.28059694, -0.0009825595]]	[[0.0, 0.0, 0.0, 0.0, 0.0, 0.0]]
[[1.2422303, 1.4046685, 3, -0.19757687, 0.26580685, -0.004351114]]	[[0.0, 0.0, 0.0, 0.0, 0.0, 0.0]]
[[1.1856141, 0.29077613, 3, -0.05618308, 0.24640158, -0.002469604]]	[[0.0, 0.0, 0.0, 0.0, 0.0, 0.0]]
[[1.159884, 0.25695074, 3, -0.052779045, 0.23914725, -0.0028911277]]	[[0.0, 0.0, 0.0, 0.0, 0.0, 0.0]]
[[1.2473887, 0.24388447, 3, -0.05140496, 0.255094, -0.0031019987]]	[[0.0, 0.0, 0.0, 0.0, 0.0, 0.0]]
[[1.4537761, -0.89339244, 3, 0.09538684, 0.28113905, -0.0010125893]]	[[0.0, 0.0, 0.0, 0.0, 0.0, 0.0]]
[[1.1357083, 1.3712335, 3, -0.19206934, 0.24416494, -0.004069721]]	[[0.0, 0.0, 0.0, 0.0, 0.0, 0.0]]
[[1.249559, 0.2873569, 3, -0.056052305, 0.2577066, -0.0024919917]]	[[0.0, 0.0, 0.0, 0.0, 0.0, 0.0]]
[[1.2233067, 0.21623187, 3, -0.046701524, 0.24999943, -0.002888284]]	[[0.0, 0.0, 0.0, 0.0, 0.0, 0.0]]
[[1.4727945, -0.8577472, 3, 0.09038052, 0.28488973, -0.0010584403]]	[[0.0, 0.0, 0.0, 0.0, 0.0, 0.0]]
[[1.0748552, 1.3575419, 3, -0.18907489, 0.23307426, -0.0039203437]]	[[0.0, 0.0, 0.0, 0.0, 0.0, 0.0]]
[[1.1954185, 0.2564399, 3, -0.050928712, 0.2455593, -0.0021275736]]	[[0.0, 0.0, 0.0, 0.0, 0.0, 0.0]]
[[1.2469773, 0.25111085, 3, -0.052148025, 0.25498644, -0.0030072478]]	[[0.0, 0.0, 0.0, 0.0, 0.0, 0.0]]
[[1.2232461, 0.14172117, 3, -0.035000827, 0.24959223, -0.0026188851]]	[[0.0, 0.0, 0.0, 0.0, 0.0, 0.0]]
[[1.3989844, -0.7727766, 3, 0.07915643, 0.2705133, -0.0010615585]]	[[0.0, 0.0, 0.0, 0.0, 0.0, 0.0]]
[[1.1506697, 1.3256063, 3, -0.18545207, 0.2455504, -0.004103317]]	[[0.0, 0.0, 0.0, 0.0, 0.0, 0.0]]
[[1.2093937, 0.26553622, 3, -0.051922124, 0.24951938, -0.0019120801]]	[[0.0, 0.0, 0.0, 0.0, 0.0, 0.0]]
[[1.1829339, 0.22659324, 3, -0.047633857, 0.2419046, -0.0027616713]]	[[0.0, 0.0, 0.0, 0.0, 0.0, 0.0]]
[[1.3951781, -0.8468699, 3, 0.09023695, 0.26895192, -0.001028006]]	[[0.0, 0.0, 0.0, 0.0, 0.0, 0.0]]
[[1.1248808, 1.3401169, 3, -0.1873919, 0.241273, -0.0039890325]]	[[0.0, 0.0, 0.0, 0.0, 0.0, 0.0]]
[[1.2058474, 0.23976353, 3, -0.047915522, 0.24785876, -0.0018891186]]	[[0.0, 0.0, 0.0, 0.0, 0.0, 0.0]]
[[1.1641744, 0.22290474, 3, -0.046908718, 0.23816405, -0.0027027747]]	[[0.0, 0.0, 0.0, 0.0, 0.0, 0.0]]
[[1.1637961, 0.23644787, 3, -0.048777275, 0.2380206, -0.0027321372]]	[[0.0, 0.0, 0.0, 0.0, 0.0, 0.0]]
[[1.378057, -0.8316367, 3, 0.088687174, 0.26542583, -0.0010137986]]	[[0.0, 0.0, 0.0, 0.0, 0.0, 0.0]]
[[1.1343845, 1.2426594, 3, -0.17224348, 0.24106999, -0.0038574417]]	[[0.0, 0.0, 0.0, 0.0, 0.0, 0.0]]
[[1.1500138, 0.33361742, 3, -0.061613407, 0.23920399, -0.0015699766]]	[[0.0, 0.0, 0.0, 0.0, 0.0, 0.0]]
[[1.1118208, 0.18165857, 3, -0.040051833, 0.22713245, -0.0025259359]]	[[0.0, 0.0, 0.0, 0.0, 0.0, 0.0]]
[[1.3698853, -0.84134734, 3, 0.0901838, 0.26356488, -0.0010257806]]	[[0.0, 0.0, 0.0, 0.0, 0.0, 0.0]]
[[1.1374778, 1.3066385, 3, -0.18270372, 0.2440175, -0.00393473]]	[[0.0, 0.0, 0.0, 0.0, 0.0, 0.0]]
[[1.1203054, 0.23848869, 3, -0.04686873, 0.23065484, -0.0015853904]]	[[0.0, 0.0, 0.0, 0.0, 0.0, 0.0]]
[[1.1417805, 0.20188113, 3, -0.04320161, 0.23323204, -0.0025730892]]	[[0.0, 0.0, 0.0, 0.0, 0.0, 0.0]]
[[1.1412137, 0.22748011, 3, -0.046982914, 0.23333429, -0.0026204318]]	[[0.0, 0.0, 0.0, 0.0, 0.0, 0.0]]
[[1.8634474, -0.75162596, 3, 0.07453939, 0.36274385, -0.0013634076]]	[[0.0, 0.0, 0.0, 0.0, 0.0, 0.0]]
[[0.6815716, 1.1933695, 3, -0.1604232, 0.15177707, -0.0023126388]]	[[0.0, 0.0, 0.0, 0.0, 0.0, 0.0]]
[[1.075268, 0.22328313, 3, -0.044805843, 0.22057782, -0.0018242623]]	[[0.0, 0.0, 0.0, 0.0, 0.0, 0.0]]
[[1.1472955, 0.22668101, 3, -0.04708241, 0.23446505, -0.0026242456]]	[[0.0, 0.0, 0.0, 0.0, 0.0, 0.0]]
[[1.8596619, -0.7660749, 3, 0.076759554, 0.36168048, -0.0013516046]]	[[0.0, 0.0, 0.0, 0.0, 0.0, 0.0]]
[[0.66482604, 1.1822889, 3, -0.1585594, 0.14905012, -0.0020720807]]	[[0.0, 0.0, 0.0, 0.0, 0.0, 0.0]]
[[1.0652214, 0.2255007, 3, -0.045027908, 0.21792398, -0.0019651204]]	[[0.0, 0.0, 0.0, 0.0, 0.0, 0.0]]
[[1.1365027, 0.2270047, 3, -0.046902075, 0.23222819, -0.0025913932]]	[[0.0, 0.0, 0.0, 0.0, 0.0, 0.0]]
[[1.6245047, 0.31374207, 3, -0.06508849, 0.33162472, -0.0037664352]]	[[0.0, 0.0, 0.0, 0.0, 0.0, 0.0]]
[[1.469367, -0.78547066, 3, 0.08232753, 0.2838973, -0.0010516525]]	[[0.0, 0.0, 0.0, 0.0, 0.0, 0.0]]
[[0.53168577, 1.1430379, 3, -0.15144044, 0.12154273, -0.0016369248]]	[[0.0, 0.0, 0.0, 0.0, 0.0, 0.0]]
[[1.0961436, 0.2280974, 3, -0.045879535, 0.22435324, -0.0021105362]]	[[0.0, 0.0, 0.0, 0.0, 0.0, 0.0]]
[[1.1249547, 0.22585265, 3, -0.046522975, 0.22988343, -0.0025468448]]	[[0.0, 0.0, 0.0, 0.0, 0.0, 0.0]]
[[1.8413385, -0.7545742, 3, 0.07541393, 0.35785872, -0.0013545889]]	[[0.0, 0.0, 0.0, 0.0, 0.0, 0.0]]
[[0.5990447, 1.133072, 3, -0.15051268, 0.1358853, -0.0015150175]]	[[0.0, 0.0, 0.0, 0.0, 0.0, 0.0]]
[[1.0926682, 0.23839985, 3, -0.047246173, 0.22319232, -0.0023062332]]	[[0.0, 0.0, 0.0, 0.0, 0.0, 0.0]]
[[1.1119362, 0.23136999, 3, -0.04729564, 0.2272686, -0.0025187589]]	[[0.0, 0.0, 0.0, 0.0, 0.0, 0.0]]
[[1.600389, 0.32208863, 3, -0.06602076, 0.3267261, -0.0037245357]]	[[0.0, 0.0, 0.0, 0.0, 0.0, 0.0]]
[[1.4126772, -0.7902938, 3, 0.08359745, 0.27229807, -0.0010208872]]	[[0.0, 0.0, 0.0, 0.0, 0.0, 0.0]]
[[0.5786343, 1.1185591, 3, -0.14835793, 0.13145626, -0.0014208733]]	[[0.0, 0.0, 0.0, 0.0, 0.0, 0.0]]
[[1.0815586, 0.25075793, 3, -0.04913837, 0.22108005, -0.0023305165]]	[[0.0, 0.0, 0.0, 0.0, 0.0, 0.0]]
[[1.554965, 0.286187, 3, -0.05992055, 0.3172729, -0.003506043]]	[[0.0, 0.0, 0.0, 0.0, 0.0, 0.0]]
[[1.4014112, -0.77794135, 3, 0.081664465, 0.26993772, -0.0010387598]]	[[0.0, 0.0, 0.0, 0.0, 0.0, 0.0]]
[[0.55852425, 1.2356037, 3, -0.16620424, 0.12772223, -0.0019423355]]	[[0.0, 0.0, 0.0, 0.0, 0.0, 0.0]]
[[1.0525851, 0.080649324, 3, -0.023154998, 0.21442212, -0.0018019096]]	[[0.0, 0.0, 0.0, 0.0, 0.0, 0.0]]
[[1.0840282, 0.27006316, 3, -0.052652925, 0.22183415, -0.0024887626]]	[[0.0, 0.0, 0.0, 0.0, 0.0, 0.0]]
[[1.5828718, 0.3089866, 3, -0.06371192, 0.3230411, -0.0036291976]]	[[0.0, 0.0, 0.0, 0.0, 0.0, 0.0]]
[[1.3507519, -0.78522474, 3, 0.08327126, 0.25976926, -0.0009950427]]	[[0.0, 0.0, 0.0, 0.0, 0.0, 0.0]]
[[0.5971793, 1.111465, 3, -0.14762837, 0.13548052, -0.0013421141]]	[[0.0, 0.0, 0.0, 0.0, 0.0, 0.0]]
[[1.0464325, 0.2337868, 3, -0.04607651, 0.21359155, -0.002276643]]	[[0.0, 0.0, 0.0, 0.0, 0.0, 0.0]]
[[1.5719004, 0.3156195, 3, -0.06464925, 0.32081494, -0.0036023648]]	[[0.0, 0.0, 0.0, 0.0, 0.0, 0.0]]
[[1.2132839, -0.8035923, 3, 0.08667639, 0.2319883, -0.0009064874]]	[[0.0, 0.0, 0.0, 0.0, 0.0, 0.0]]
[[0.68453217, 1.1333605, 3, -0.15171948, 0.15337788, -0.0016409603]]	[[0.0, 0.0, 0.0, 0.0, 0.0, 0.0]]
[[1.0269562, 0.3242238, 3, -0.059701808, 0.21025859, -0.002410123]]	[[0.0, 0.0, 0.0, 0.0, 0.0, 0.0]]
[[1.5748231, 0.22668482, 3, -0.051355183, 0.32072532, -0.0035183488]]	[[0.0, 0.0, 0.0, 0.0, 0.0, 0.0]]
[[1.1160866, 0.2100817, 3, -0.043731194, 0.22821206, -0.0023962618]]	[[0.0, 0.0, 0.0, 0.0, 0.0, 0.0]]
[[1.33834, -0.7687656, 3, 0.080911785, 0.25697592, -0.0010282694]]	[[0.0, 0.0, 0.0, 0.0, 0.0, 0.0]]
[[0.552087, 1.2165955, 3, -0.16358498, 0.1264652, -0.001922751]]	[[0.0, 0.0, 0.0, 0.0, 0.0, 0.0]]
[[1.4981844, 0.3051573, 3, -0.061968274, 0.3058079, -0.0031805676]]	[[0.0, 0.0, 0.0, 0.0, 0.0, 0.0]]
[[0.9740428, 0.1184542, 3, -0.028750595, 0.1987301, -0.0020315258]]	[[0.0, 0.0, 0.0, 0.0, 0.0, 0.0]]
[[1.4603114, -0.7721314, 3, 0.080557615, 0.28102, -0.0011094967]]	[[0.0, 0.0, 0.0, 0.0, 0.0, 0.0]]
[[0.4715624, 1.2828597, 3, -0.17267382, 0.11035101, -0.0017387272]]	[[0.0, 0.0, 0.0, 0.0, 0.0, 0.0]]
[[1.466035, 0.29863235, 3, -0.061275456, 0.29944932, -0.0034228226]]	[[0.0, 0.0, 0.0, 0.0, 0.0, 0.0]]
[[1.1558237, 0.037382297, 3, -0.018173631, 0.2348771, -0.0022305169]]	[[0.0, 0.0, 0.0, 0.0, 0.0, 0.0]]
[[1.0845041, 0.23048244, 3, -0.046529643, 0.22174463, -0.0023434279]]	[[0.0, 0.0, 0.0, 0.0, 0.0, 0.0]]
[[1.2729989, -0.75194454, 3, 0.07881201, 0.24380219, -0.0010236662]]	[[0.0, 0.0, 0.0, 0.0, 0.0, 0.0]]
[[0.9892779, 1.3632442, 3, -0.19146158, 0.21512838, -0.0034856102]]	[[0.0, 0.0, 0.0, 0.0, 0.0, 0.0]]
[[1.0968223, 0.055025417, 3, -0.019112762, 0.22374134, -0.0016018387]]	[[0.0, 0.0, 0.0, 0.0, 0.0, 0.0]]
[[1.0315893, 0.20540632, 3, -0.0422766, 0.21085007, -0.002196694]]	[[0.0, 0.0, 0.0, 0.0, 0.0, 0.0]]
[[1.3104627, -0.75309813, 3, 0.07856474, 0.25108862, -0.0010542299]]	[[0.0, 0.0, 0.0, 0.0, 0.0, 0.0]]
[[0.97574806, 1.0574034, 3, -0.14371902, 0.21506797, -0.00026496238]]	[[0.0, 0.0, 0.0, 0.0, 0.0, 0.0]]
[[1.0898281, 0.33983925, 3, -0.06263394, 0.21981272, -0.0043879603]]	[[0.0, 0.0, 0.0, 0.0, 0.0, 0.0]]
[[1.0417304, 0.3195482, 3, -0.059782833, 0.21347898, -0.002550939]]	[[0.0, 0.0, 0.0, 0.0, 0.0, 0.0]]
[[1.0779766, 0.13475588, 3, -0.032307245, 0.21964099, -0.0022706382]]	[[0.0, 0.0, 0.0, 0.0, 0.0, 0.0]]
[[1.2596048, -0.767044, 3, 0.081200235, 0.24089968, -0.0010086041]]	[[0.0, 0.0, 0.0, 0.0, 0.0, 0.0]]
[[0.92766225, 1.3480728, 3, -0.18848385, 0.2026913, -0.0032782669]]	[[0.0, 0.0, 0.0, 0.0, 0.0, 0.0]]
[[1.0761503, 0.050023716, 3, -0.018208511, 0.21941146, -0.0015816587]]	[[0.0, 0.0, 0.0, 0.0, 0.0, 0.0]]
[[1.0639884, 0.17425309, 3, -0.037840266, 0.21714804, -0.0021474247]]	[[0.0, 0.0, 0.0, 0.0, 0.0, 0.0]]
[[1.2928705, -0.7204169, 3, 0.07403358, 0.2477438, -0.0010561815]]	[[0.0, 0.0, 0.0, 0.0, 0.0, 0.0]]
[[0.959593, 1.0631416, 3, -0.1444292, 0.21166119, -0.00040211316]]	[[0.0, 0.0, 0.0, 0.0, 0.0, 0.0]]
[[0.8927238, 0.29633, 3, -0.053771086, 0.17990245, -0.0036755998]]	[[0.0, 0.0, 0.0, 0.0, 0.0, 0.0]]
[[1.1433191, 0.3336077, 3, -0.06312695, 0.23398232, -0.0028086954]]	[[0.0, 0.0, 0.0, 0.0, 0.0, 0.0]]
[[1.0586432, 0.13213779, 3, -0.031665076, 0.21570095, -0.002221352]]	[[0.0, 0.0, 0.0, 0.0, 0.0, 0.0]]
[[1.2903123, -0.7658966, 3, 0.08087828, 0.24692273, -0.0010289708]]	[[0.0, 0.0, 0.0, 0.0, 0.0, 0.0]]
[[0.7310443, 1.3115827, 3, -0.18053947, 0.16286756, -0.00261309]]	[[0.0, 0.0, 0.0, 0.0, 0.0, 0.0]]
[[1.180548, 0.064357966, 3, -0.021722695, 0.2404395, -0.0019438091]]	[[0.0, 0.0, 0.0, 0.0, 0.0, 0.0]]
[[1.0811781, 0.21779089, 3, -0.044584084, 0.22088403, -0.0023135738]]	[[0.0, 0.0, 0.0, 0.0, 0.0, 0.0]]
[[1.2416523, -0.76064396, 3, 0.08016414, 0.23712078, -0.0010036448]]	[[0.0, 0.0, 0.0, 0.0, 0.0, 0.0]]
[[0.9396344, 1.0610746, 3, -0.14395897, 0.20761383, -0.00037570117]]	[[0.0, 0.0, 0.0, 0.0, 0.0, 0.0]]
[[1.0540932, 0.32343298, 3, -0.059737157, 0.21265917, -0.004096804]]	[[0.0, 0.0, 0.0, 0.0, 0.0, 0.0]]
[[1.0077662, 0.31075332, 3, -0.058104977, 0.20646551, -0.0024612844]]	[[0.0, 0.0, 0.0, 0.0, 0.0, 0.0]]
[[1.002842, 0.10685532, 3, -0.02729894, 0.20420268, -0.0020570178]]	[[0.0, 0.0, 0.0, 0.0, 0.0, 0.0]]
[[1.2757914, -0.75278574, 3, 0.07902677, 0.24391837, -0.0010317607]]	[[0.0, 0.0, 0.0, 0.0, 0.0, 0.0]]
[[0.89195704, 1.3423945, 3, -0.18730614, 0.1955477, -0.0031674842]]	[[0.0, 0.0, 0.0, 0.0, 0.0, 0.0]]
[[1.0441376, 0.045496672, 3, -0.017253386, 0.21277232, -0.0015456503]]	[[0.0, 0.0, 0.0, 0.0, 0.0, 0.0]]
[[0.9782029, 0.19731182, 3, -0.04054799, 0.19984125, -0.002088578]]	[[0.0, 0.0, 0.0, 0.0, 0.0, 0.0]]
[[1.2728008, -0.7579924, 3, 0.079639986, 0.24316503, -0.001022479]]	[[0.0, 0.0, 0.0, 0.0, 0.0, 0.0]]
[[0.9217073, 1.0549307, 3, -0.14293638, 0.20407361, -0.0002652063]]	[[0.0, 0.0, 0.0, 0.0, 0.0, 0.0]]
[[1.0377637, 0.3231053, 3, -0.05953152, 0.20921852, -0.004140246]]	[[0.0, 0.0, 0.0, 0.0, 0.0, 0.0]]
[[0.99110526, 0.30748206, 3, -0.057451345, 0.20302273, -0.0024229772]]	[[0.0, 0.0, 0.0, 0.0, 0.0, 0.0]]
[[0.9811357, 0.11972947, 3, -0.029110631, 0.1998312, -0.0020620385]]	[[0.0, 0.0, 0.0, 0.0, 0.0, 0.0]]
[[1.2674692, -0.7677062, 3, 0.081355974, 0.2420421, -0.0010144737]]	[[0.0, 0.0, 0.0, 0.0, 0.0, 0.0]]
[[0.87366366, 1.3363813, 3, -0.18622044, 0.1918814, -0.0031101075]]	[[0.0, 0.0, 0.0, 0.0, 0.0, 0.0]]
[[1.0268804, 0.04227703, 3, -0.01659981, 0.2092108, -0.001509231]]	[[0.0, 0.0, 0.0, 0.0, 0.0, 0.0]]
[[1.0148244, 0.16543251, 3, -0.036054794, 0.20699166, -0.002048956]]	[[0.0, 0.0, 0.0, 0.0, 0.0, 0.0]]
[[1.2606964, -0.7238856, 3, 0.074824706, 0.2409294, -0.0010329928]]	[[0.0, 0.0, 0.0, 0.0, 0.0, 0.0]]
[[0.90843374, 1.0588143, 3, -0.1433618, 0.20130412, -0.00035497278]]	[[0.0, 0.0, 0.0, 0.0, 0.0, 0.0]]
[[1.0235951, 0.3168251, 3, -0.058425575, 0.20643924, -0.003983124]]	[[0.0, 0.0, 0.0, 0.0, 0.0, 0.0]]
[[0.93009925, 0.29687557, 3, -0.05528335, 0.19061612, -0.0022795545]]	[[0.0, 0.0, 0.0, 0.0, 0.0, 0.0]]
[[1.0106753, 0.12349865, 3, -0.029948734, 0.20568596, -0.0021335247]]	[[0.0, 0.0, 0.0, 0.0, 0.0, 0.0]]
[[1.2607273, -0.7709387, 3, 0.081878036, 0.2406025, -0.0010022991]]	[[0.0, 0.0, 0.0, 0.0, 0.0, 0.0]]
[[0.85822797, 1.3362706, 3, -0.18597959, 0.18885103, -0.0030508777]]	[[0.0, 0.0, 0.0, 0.0, 0.0, 0.0]]
[[1.0130085, 0.040056586, 3, -0.016169019, 0.20631671, -0.0015034222]]	[[0.0, 0.0, 0.0, 0.0, 0.0, 0.0]]
[[0.94640684, 0.19336183, 3, -0.03964949, 0.19328798, -0.0020263877]]	[[0.0, 0.0, 0.0, 0.0, 0.0, 0.0]]
[[1.2554709, -0.76240265, 3, 0.08038085, 0.23940592, -0.001011268]]	[[0.0, 0.0, 0.0, 0.0, 0.0, 0.0]]
[[0.88960224, 1.0590711, 3, -0.14319722, 0.19747001, -0.00037241515]]	[[0.0, 0.0, 0.0, 0.0, 0.0, 0.0]]
[[1.0052431, 0.3085045, 3, -0.056968875, 0.20274287, -0.0038664306]]	[[0.0, 0.0, 0.0, 0.0, 0.0, 0.0]]
[[0.9604749, 0.2995122, 3, -0.055948608, 0.19669257, -0.00234462]]	[[0.0, 0.0, 0.0, 0.0, 0.0, 0.0]]
[[0.95524275, 0.10039639, 3, -0.02588358, 0.19438615, -0.001963807]]	[[0.0, 0.0, 0.0, 0.0, 0.0, 0.0]]
[[1.2485203, -0.7577525, 3, 0.07998438, 0.23807272, -0.0010056791]]	[[0.0, 0.0, 0.0, 0.0, 0.0, 0.0]]
[[0.8418426, 1.3326083, 3, -0.18529128, 0.18555516, -0.0030028275]]	[[0.0, 0.0, 0.0, 0.0, 0.0, 0.0]]
[[0.95220304, 0.030174598, 3, -0.01411899, 0.19393921, -0.0013872609]]	[[0.0, 0.0, 0.0, 0.0, 0.0, 0.0]]
[[0.9736085, 0.19668563, 3, -0.040440667, 0.19867533, -0.002087389]]	[[0.0, 0.0, 0.0, 0.0, 0.0, 0.0]]
[[1.2451535, -0.7619627, 3, 0.08043005, 0.23730037, -0.0010052085]]	[[0.0, 0.0, 0.0, 0.0, 0.0, 0.0]]
[[0.87430614, 1.053806, 3, -0.14231709, 0.19444177, -0.00027515396]]	[[0.0, 0.0, 0.0, 0.0, 0.0, 0.0]]
[[0.9912591, 0.3083193, 3, -0.056805912, 0.19979322, -0.003906673]]	[[0.0, 0.0, 0.0, 0.0, 0.0, 0.0]]
[[0.89916307, 0.2879338, 3, -0.053579327, 0.18422076, -0.002196283]]	[[0.0, 0.0, 0.0, 0.0, 0.0, 0.0]]
[[0.9826372, 0.10516408, 3, -0.02686685, 0.19983883, -0.0020274664]]	[[0.0, 0.0, 0.0, 0.0, 0.0, 0.0]]
[[1.193722, -0.76286554, 3, 0.08107121, 0.22704145, -0.0009713209]]	[[0.0, 0.0, 0.0, 0.0, 0.0, 0.0]]
[[0.8653299, 1.3368882, 3, -0.18627597, 0.19032684, -0.0030889285]]	[[0.0, 0.0, 0.0, 0.0, 0.0, 0.0]]
[[0.9375729, 0.02903268, 3, -0.013773813, 0.19097733, -0.0013441328]]	[[0.0, 0.0, 0.0, 0.0, 0.0, 0.0]]
[[0.95976883, 0.19363959, 3, -0.039853074, 0.19581403, -0.0020571745]]	[[0.0, 0.0, 0.0, 0.0, 0.0, 0.0]]
[[1.1909943, -0.76741856, 3, 0.08155356, 0.2263545, -0.00097228447]]	[[0.0, 0.0, 0.0, 0.0, 0.0, 0.0]]
[[0.8557819, 1.0503337, 3, -0.14163221, 0.19072148, -0.00021714703]]	[[0.0, 0.0, 0.0, 0.0, 0.0, 0.0]]
[[0.79288137, 0.2716712, 3, -0.04902129, 0.15944488, -0.0033959383]]	[[0.0, 0.0, 0.0, 0.0, 0.0, 0.0]]
[[1.0460886, 0.31111866, 3, -0.058719974, 0.21392061, -0.0025630929]]	[[0.0, 0.0, 0.0, 0.0, 0.0, 0.0]]
[[0.95962644, 0.118485495, 3, -0.02870974, 0.19531387, -0.0020219844]]	[[0.0, 0.0, 0.0, 0.0, 0.0, 0.0]]
[[1.2296782, -0.7731719, 3, 0.082443126, 0.23404531, -0.0009863841]]	[[0.0, 0.0, 0.0, 0.0, 0.0, 0.0]]
[[0.8069651, 1.3239241, 3, -0.18361916, 0.17858188, -0.0028929207]]	[[0.0, 0.0, 0.0, 0.0, 0.0, 0.0]]
[[0.9649589, 0.03218147, 3, -0.014553109, 0.196405, -0.0014249737]]	[[0.0, 0.0, 0.0, 0.0, 0.0, 0.0]]
[[0.9529889, 0.15505585, 3, -0.03391409, 0.19424374, -0.00192809]]	[[0.0, 0.0, 0.0, 0.0, 0.0, 0.0]]
[[1.2235874, -0.7293876, 3, 0.07585997, 0.23300889, -0.0010151935]]	[[0.0, 0.0, 0.0, 0.0, 0.0, 0.0]]
[[0.84423643, 1.053374, 3, -0.14192984, 0.18834709, -0.0002837162]]	[[0.0, 0.0, 0.0, 0.0, 0.0, 0.0]]
[[0.7348388, 0.25883833, 3, -0.046446487, 0.14773738, -0.0031512857]]	[[0.0, 0.0, 0.0, 0.0, 0.0, 0.0]]
[[1.0781125, 0.31788433, 3, -0.060182646, 0.22037406, -0.002654729]]	[[0.0, 0.0, 0.0, 0.0, 0.0, 0.0]]
[[0.9488356, 0.11470128, 3, -0.027985865, 0.19307803, -0.001997209]]	[[0.0, 0.0, 0.0, 0.0, 0.0, 0.0]]
[[1.2247051, -0.7759375, 3, 0.082848474, 0.23292187, -0.0009858893]]	[[0.0, 0.0, 0.0, 0.0, 0.0, 0.0]]
[[0.7944104, 1.3245693, 3, -0.18354715, 0.17611465, -0.0028534064]]	[[0.0, 0.0, 0.0, 0.0, 0.0, 0.0]]
[[0.9078229, 0.022724686, 3, -0.012627076, 0.18476622, -0.0013266208]]	[[0.0, 0.0, 0.0, 0.0, 0.0, 0.0]]
[[0.9290279, 0.18898611, 3, -0.03885989, 0.18949217, -0.0019951307]]	[[0.0, 0.0, 0.0, 0.0, 0.0, 0.0]]
[[1.2199317, -0.76626956, 3, 0.081201494, 0.23188713, -0.0009932439]]	[[0.0, 0.0, 0.0, 0.0, 0.0, 0.0]]
[[0.8279678, 1.0517608, 3, -0.1415315, 0.18508868, -0.00025957075]]	[[0.0, 0.0, 0.0, 0.0, 0.0, 0.0]]
[[0.9017392, 0.2866544, 3, -0.052576926, 0.18159704, -0.0035870788]]	[[0.0, 0.0, 0.0, 0.0, 0.0, 0.0]]
[[0.8976212, 0.28593677, 3, -0.053314533, 0.18373714, -0.0021956533]]	[[0.0, 0.0, 0.0, 0.0, 0.0, 0.0]]
[[0.9381081, 0.097802944, 3, -0.025347278, 0.19071478, -0.0019386399]]	[[0.0, 0.0, 0.0, 0.0, 0.0, 0.0]]
[[1.1685184, -0.766733, 3, 0.08178594, 0.22164726, -0.0009593906]]	[[0.0, 0.0, 0.0, 0.0, 0.0, 0.0]]
[[0.7726393, 1.3199322, 3, -0.18261331, 0.1717467, -0.0027834545]]	[[0.0, 0.0, 0.0, 0.0, 0.0, 0.0]]
[[0.9363276, 0.027257834, 3, -0.013604033, 0.19047108, -0.0013973926]]	[[0.0, 0.0, 0.0, 0.0, 0.0, 0.0]]
[[0.9153242, 0.18681319, 3, -0.038390797, 0.18673386, -0.0019663153]]	[[0.0, 0.0, 0.0, 0.0, 0.0, 0.0]]
[[1.1660076, -0.7714861, 3, 0.08228644, 0.22100168, -0.0009617804]]	[[0.0, 0.0, 0.0, 0.0, 0.0, 0.0]]
[[0.8101602, 1.0459169, 3, -0.14050817, 0.18153445, -0.00015326214]]	[[0.0, 0.0, 0.0, 0.0, 0.0, 0.0]]
[[0.9261425, 0.29387426, 3, -0.05397649, 0.18648322, -0.0037315676]]	[[0.0, 0.0, 0.0, 0.0, 0.0, 0.0]]
[[0.88360924, 0.28509784, 3, -0.053041853, 0.18087798, -0.002165424]]	[[0.0, 0.0, 0.0, 0.0, 0.0, 0.0]]
[[0.8737718, 0.10216139, 3, -0.025439925, 0.17771485, -0.0018437556]]	[[0.0, 0.0, 0.0, 0.0, 0.0, 0.0]]
[[1.2049199, -0.7775302, 3, 0.08321065, 0.228684, -0.0009774807]]	[[0.0, 0.0, 0.0, 0.0, 0.0, 0.0]]
[[0.76030153, 1.3160869, 3, -0.18190122, 0.1693072, -0.0027434658]]	[[0.0, 0.0, 0.0, 0.0, 0.0, 0.0]]
[[0.92164874, 0.024832467, 3, -0.013085952, 0.18745604, -0.0013665432]]	[[0.0, 0.0, 0.0, 0.0, 0.0, 0.0]]
[[0.9093153, 0.14815624, 3, -0.03248033, 0.18525417, -0.0018459486]]	[[0.0, 0.0, 0.0, 0.0, 0.0, 0.0]]
[[1.1988078, -0.7339788, 3, 0.076670505, 0.22770247, -0.0010008463]]	[[0.0, 0.0, 0.0, 0.0, 0.0, 0.0]]
[[0.7986414, 1.0495598, 3, -0.1408942, 0.17918608, -0.00023096199]]	[[0.0, 0.0, 0.0, 0.0, 0.0, 0.0]]
[[0.69013053, 0.24792494, 3, -0.04435655, 0.13862894, -0.0029993986]]	[[0.0, 0.0, 0.0, 0.0, 0.0, 0.0]]
[[1.0309379, 0.30847716, 3, -0.0583152, 0.21067528, -0.0025419635]]	[[0.0, 0.0, 0.0, 0.0, 0.0, 0.0]]
[[0.9046909, 0.10676748, 3, -0.026370859, 0.18398902, -0.0019069443]]	[[0.0, 0.0, 0.0, 0.0, 0.0, 0.0]]
[[1.1996328, -0.77990115, 3, 0.083566256, 0.22755428, -0.00097473507]]	[[0.0, 0.0, 0.0, 0.0, 0.0, 0.0]]
[[0.7476659, 1.3167266, 3, -0.18181928, 0.16683246, -0.0027018187]]	[[0.0, 0.0, 0.0, 0.0, 0.0, 0.0]]
[[0.91043127, 0.022549264, 3, -0.012685403, 0.18511494, -0.0013617267]]	[[0.0, 0.0, 0.0, 0.0, 0.0, 0.0]]
[[0.8434244, 0.17456467, 3, -0.035846278, 0.17207433, -0.0018114022]]	[[0.0, 0.0, 0.0, 0.0, 0.0, 0.0]]
[[1.1954027, -0.77049947, 3, 0.08195164, 0.22658917, -0.0009811518]]	[[0.0, 0.0, 0.0, 0.0, 0.0, 0.0]]
[[0.78251463, 1.0456017, 3, -0.1401438, 0.17595658, -0.00016160616]]	[[0.0, 0.0, 0.0, 0.0, 0.0, 0.0]]
[[0.8988499, 0.28547576, 3, -0.05243048, 0.18097545, -0.0035904462]]	[[0.0, 0.0, 0.0, 0.0, 0.0, 0.0]]
[[0.8099231, 0.27111375, 3, -0.05020946, 0.16586417, -0.001988092]]	[[0.0, 0.0, 0.0, 0.0, 0.0, 0.0]]
[[0.8953527, 0.08873792, 3, -0.023563955, 0.1818455, -0.0018503893]]	[[0.0, 0.0, 0.0, 0.0, 0.0, 0.0]]
[[1.1431745, -0.7703331, 3, 0.082461916, 0.21624227, -0.0009458595]]	[[0.0, 0.0, 0.0, 0.0, 0.0, 0.0]]
[[0.771745, 1.3208922, 3, -0.18280546, 0.17171937, -0.0027923516]]	[[0.0, 0.0, 0.0, 0.0, 0.0, 0.0]]
[[0.8502731, 0.013865425, 3, -0.010769379, 0.17294382, -0.001223526]]	[[0.0, 0.0, 0.0, 0.0, 0.0, 0.0]]
[[0.8721536, 0.1780907, 3, -0.03668214, 0.17778839, -0.0018755456]]	[[0.0, 0.0, 0.0, 0.0, 0.0, 0.0]]
[[1.1408815, -0.77493566, 3, 0.08293912, 0.21564882, -0.0009496338]]	[[0.0, 0.0, 0.0, 0.0, 0.0, 0.0]]
[[0.80869347, 1.0443141, 3, -0.14033115, 0.18148285, -0.00011094741]]	[[0.0, 0.0, 0.0, 0.0, 0.0, 0.0]]
[[0.8892707, 0.2899382, 3, -0.05296543, 0.17884912, -0.0036956153]]	[[0.0, 0.0, 0.0, 0.0, 0.0, 0.0]]
[[0.79615915, 0.26862708, 3, -0.04969604, 0.163035, -0.0019567055]]	[[0.0, 0.0, 0.0, 0.0, 0.0, 0.0]]
[[0.8763065, 0.10184641, 3, -0.025433594, 0.17804006, -0.0018576023]]	[[0.0, 0.0, 0.0, 0.0, 0.0, 0.0]]
[[1.182465, -0.7799871, 3, 0.08371873, 0.22392853, -0.0009656254]]	[[0.0, 0.0, 0.0, 0.0, 0.0, 0.0]]
[[0.71345085, 1.3072071, 3, -0.18004751, 0.15998875, -0.0025950174]]	[[0.0, 0.0, 0.0, 0.0, 0.0, 0.0]]
[[0.88059586, 0.01774304, 3, -0.011683436, 0.17898221, -0.0013090983]]	[[0.0, 0.0, 0.0, 0.0, 0.0, 0.0]]
[[0.8132713, 0.17019542, 3, -0.034893654, 0.16589095, -0.0017478851]]	[[0.0, 0.0, 0.0, 0.0, 0.0, 0.0]]
[[1.1782482, -0.77140075, 3, 0.08220415, 0.22295408, -0.0009742506]]	[[0.0, 0.0, 0.0, 0.0, 0.0, 0.0]]
[[0.7912149, 1.0427644, 3, -0.13990891, 0.17797342, -9.255266e-05]]	[[0.0, 0.0, 0.0, 0.0, 0.0, 0.0]]
[[0.8753127, 0.28516427, 3, -0.052113038, 0.17602046, -0.0036351131]]	[[0.0, 0.0, 0.0, 0.0, 0.0, 0.0]]
[[0.78286237, 0.26547226, 3, -0.049066383, 0.16029806, -0.00192331]]	[[0.0, 0.0, 0.0, 0.0, 0.0, 0.0]]
[[0.8670329, 0.084809855, 3, -0.022718465, 0.1760413, -0.0017944778]]	[[0.0, 0.0, 0.0, 0.0, 0.0, 0.0]]
[[1.1739846, -0.7665301, 3, 0.081749864, 0.22220743, -0.00097131374]]	[[0.0, 0.0, 0.0, 0.0, 0.0, 0.0]]
[[0.70248735, 1.3064396, 3, -0.17983945, 0.15783113, -0.0025688456]]	[[0.0, 0.0, 0.0, 0.0, 0.0, 0.0]]
[[0.86850154, 0.015423672, 3, -0.011251201, 0.17647801, -0.001294075]]	[[0.0, 0.0, 0.0, 0.0, 0.0, 0.0]]
[[0.8012942, 0.1670974, 3, -0.034315836, 0.1634202, -0.0017223033]]	[[0.0, 0.0, 0.0, 0.0, 0.0, 0.0]]
[[1.1719187, -0.77184856, 3, 0.08232615, 0.22159785, -0.00097210426]]	[[0.0, 0.0, 0.0, 0.0, 0.0, 0.0]]
[[0.77791226, 1.0372806, 3, -0.13900544, 0.17538467, 1.0312949e-05]]	[[0.0, 0.0, 0.0, 0.0, 0.0, 0.0]]
[[0.8632685, 0.28626668, 3, -0.05217316, 0.17347297, -0.003694314]]	[[0.0, 0.0, 0.0, 0.0, 0.0, 0.0]]
[[0.7697153, 0.26400506, 3, -0.048747916, 0.15760098, -0.0018983688]]	[[0.0, 0.0, 0.0, 0.0, 0.0, 0.0]]
[[0.8498546, 0.09699346, 3, -0.02444243, 0.1726061, -0.0018017143]]	[[0.0, 0.0, 0.0, 0.0, 0.0, 0.0]]
[[1.1695925, -0.78107464, 3, 0.083973944, 0.22113708, -0.0009601531]]	[[0.0, 0.0, 0.0, 0.0, 0.0, 0.0]]
[[0.68539125, 1.3017431, 3, -0.17893517, 0.15442535, -0.0025131134]]	[[0.0, 0.0, 0.0, 0.0, 0.0, 0.0]]
[[0.85449487, 0.013027653, 3, -0.010755546, 0.17360376, -0.0012690448]]	[[0.0, 0.0, 0.0, 0.0, 0.0, 0.0]]
[[0.8327943, 0.1731321, 3, -0.035546195, 0.16977088, -0.0017945138]]	[[0.0, 0.0, 0.0, 0.0, 0.0, 0.0]]
[[1.1219643, -0.7764457, 3, 0.08328834, 0.2115449, -0.0009406977]]	[[0.0, 0.0, 0.0, 0.0, 0.0, 0.0]]
[[0.7635563, 1.0371667, 3, -0.13882396, 0.17247696, 2.8663442e-06]]	[[0.0, 0.0, 0.0, 0.0, 0.0, 0.0]]
[[0.8046782, 0.2727797, 3, -0.04946987, 0.16159336, -0.0034907253]]	[[0.0, 0.0, 0.0, 0.0, 0.0, 0.0]]
[[0.7996295, 0.267632, 3, -0.04961775, 0.1635949, -0.0019699389]]	[[0.0, 0.0, 0.0, 0.0, 0.0, 0.0]]
[[0.84056556, 0.07992957, 3, -0.02172824, 0.17065585, -0.0017378471]]	[[0.0, 0.0, 0.0, 0.0, 0.0, 0.0]]
[[1.1601596, -0.7675816, 3, 0.08201016, 0.21924454, -0.00096254016]]	[[0.0, 0.0, 0.0, 0.0, 0.0, 0.0]]
[[0.67448604, 1.3005574, 3, -0.17866239, 0.15226986, -0.0024835498]]	[[0.0, 0.0, 0.0, 0.0, 0.0, 0.0]]
[[0.8420032, 0.010964148, 3, -0.010343479, 0.17102927, -0.0012522758]]	[[0.0, 0.0, 0.0, 0.0, 0.0, 0.0]]
[[0.7746218, 0.16236569, 3, -0.033356883, 0.15794078, -0.0016668931]]	[[0.0, 0.0, 0.0, 0.0, 0.0, 0.0]]
[[1.1578894, -0.7732051, 3, 0.08262544, 0.21858844, -0.0009639994]]	[[0.0, 0.0, 0.0, 0.0, 0.0, 0.0]]
[[0.75030756, 1.0331453, 3, -0.13811222, 0.1698278, 6.889796e-05]]	[[0.0, 0.0, 0.0, 0.0, 0.0, 0.0]]
[[0.83333975, 0.2795276, 3, -0.050846938, 0.16739444, -0.00361287]]	[[0.0, 0.0, 0.0, 0.0, 0.0, 0.0]]
[[0.7427606, 0.25891858, 3, -0.04772259, 0.15207027, -0.0018345637]]	[[0.0, 0.0, 0.0, 0.0, 0.0, 0.0]]
[[0.82340705, 0.09175684, 3, -0.02340699, 0.16716649, -0.0017447232]]	[[0.0, 0.0, 0.0, 0.0, 0.0, 0.0]]
[[1.1548854, -0.78224367, 3, 0.08425119, 0.21800312, -0.00095224864]]	[[0.0, 0.0, 0.0, 0.0, 0.0, 0.0]]
[[0.6604922, 1.2966715, 3, -0.17792147, 0.1494868, -0.0024391334]]	[[0.0, 0.0, 0.0, 0.0, 0.0, 0.0]]
[[0.82882077, 0.008594388, 3, -0.009861094, 0.16831787, -0.0012272984]]	[[0.0, 0.0, 0.0, 0.0, 0.0, 0.0]]
[[0.7608445, 0.16083808, 3, -0.032986358, 0.15512419, -0.0016374936]]	[[0.0, 0.0, 0.0, 0.0, 0.0, 0.0]]
[[1.150296, -0.774007, 3, 0.08277554, 0.21696997, -0.00096155744]]	[[0.0, 0.0, 0.0, 0.0, 0.0, 0.0]]
[[0.69455355, 1.0304031, 3, -0.13705002, 0.15837398, 7.536336e-05]]	[[0.0, 0.0, 0.0, 0.0, 0.0, 0.0]]
[[0.81766427, 0.2688205, 3, -0.04912595, 0.16436666, -0.0034451718]]	[[0.0, 0.0, 0.0, 0.0, 0.0, 0.0]]
[[0.77265674, 0.2632573, 3, -0.048669554, 0.15809119, -0.0019021911]]	[[0.0, 0.0, 0.0, 0.0, 0.0, 0.0]]
[[0.81370467, 0.07509683, 3, -0.020745486, 0.16513856, -0.0016830639]]	[[0.0, 0.0, 0.0, 0.0, 0.0, 0.0]]
[[1.1457851, -0.76915306, 3, 0.08233504, 0.21616602, -0.0009550267]]	[[0.0, 0.0, 0.0, 0.0, 0.0, 0.0]]
[[0.4634886, 1.259902, 3, -0.16996841, 0.1096597, -0.0017827662]]	[[0.0, 0.0, 0.0, 0.0, 0.0, 0.0]]
[[0.9782633, 0.029786553, 3, -0.014826981, 0.19849402, -0.0016754635]]	[[0.0, 0.0, 0.0, 0.0, 0.0, 0.0]]
[[0.7924403, 0.16748658, 3, -0.03423246, 0.16156623, -0.0017058993]]	[[0.0, 0.0, 0.0, 0.0, 0.0, 0.0]]
[[1.1001914, -0.77847385, 3, 0.083751224, 0.20689966, -0.00092835707]]	[[0.0, 0.0, 0.0, 0.0, 0.0, 0.0]]
[[0.724965, 1.0276879, 3, -0.13705629, 0.1647697, 0.00015764512]]	[[0.0, 0.0, 0.0, 0.0, 0.0, 0.0]]
[[0.58112836, 0.23383664, 3, -0.04106773, 0.11617074, -0.002967389]]	[[0.0, 0.0, 0.0, 0.0, 0.0, 0.0]]
[[0.9230487, 0.2866985, 3, -0.053956255, 0.18849476, -0.0022847934]]	[[0.0, 0.0, 0.0, 0.0, 0.0, 0.0]]
[[0.795141, 0.08852876, 3, -0.022582067, 0.16151035, -0.0016757111]]	[[0.0, 0.0, 0.0, 0.0, 0.0, 0.0]]
[[1.140202, -0.78400755, 3, 0.084596686, 0.21486695, -0.0009457827]]	[[0.0, 0.0, 0.0, 0.0, 0.0, 0.0]]
[[0.63146484, 1.2915583, 3, -0.17681253, 0.143742, -0.0023444174]]	[[0.0, 0.0, 0.0, 0.0, 0.0, 0.0]]
[[0.8019165, 0.0039634425, 3, -0.00893482, 0.16277607, -0.0011879236]]	[[0.0, 0.0, 0.0, 0.0, 0.0, 0.0]]
[[0.7795752, 0.16336444, 3, -0.033565853, 0.15885022, -0.0016805714]]	[[0.0, 0.0, 0.0, 0.0, 0.0, 0.0]]
[[1.1381456, -0.7750112, 3, 0.08300519, 0.21440089, -0.00095463684]]	[[0.0, 0.0, 0.0, 0.0, 0.0, 0.0]]
[[0.66993773, 1.0275681, 3, -0.1363739, 0.15343674, 0.00011374553]]	[[0.0, 0.0, 0.0, 0.0, 0.0, 0.0]]
[[0.7938364, 0.26318645, 3, -0.048033852, 0.15952621, -0.0033679558]]	[[0.0, 0.0, 0.0, 0.0, 0.0, 0.0]]
[[0.7490227, 0.2585772, 3, -0.047740653, 0.15323406, -0.0018462096]]	[[0.0, 0.0, 0.0, 0.0, 0.0, 0.0]]
[[0.74481964, 0.063257806, 3, -0.018287499, 0.15110359, -0.0015344622]]	[[0.0, 0.0, 0.0, 0.0, 0.0, 0.0]]
[[1.1306657, -0.7716702, 3, 0.08277549, 0.2129034, -0.0009490566]]	[[0.0, 0.0, 0.0, 0.0, 0.0, 0.0]]
[[0.6625392, 1.2985781, 3, -0.17828411, 0.15008403, -0.0024555454]]	[[0.0, 0.0, 0.0, 0.0, 0.0, 0.0]]
[[0.7453245, -0.0043071727, 3, -0.0071193096, 0.15133443, -0.0010559531]]	[[0.0, 0.0, 0.0, 0.0, 0.0, 0.0]]
[[0.7663249, 0.15913153, 3, -0.03282816, 0.15605931, -0.0016519974]]	[[0.0, 0.0, 0.0, 0.0, 0.0, 0.0]]
[[1.1305692, -0.77556425, 3, 0.08315631, 0.2127903, -0.0009502631]]	[[0.0, 0.0, 0.0, 0.0, 0.0, 0.0]]
[[0.47528154, 1.0132666, 3, -0.13203149, 0.113269106, 0.00021160563]]	[[0.0, 0.0, 0.0, 0.0, 0.0, 0.0]]
[[0.9392687, 0.2662859, 3, -0.050329078, 0.18961482, -0.0033746876]]	[[0.0, 0.0, 0.0, 0.0, 0.0, 0.0]]
[[0.7340027, 0.25832862, 3, -0.047502782, 0.15025613, -0.0018062813]]	[[0.0, 0.0, 0.0, 0.0, 0.0, 0.0]]
[[0.7769297, 0.067626916, 3, -0.019267851, 0.1575749, -0.0016052531]]	[[0.0, 0.0, 0.0, 0.0, 0.0, 0.0]]
[[1.1250919, -0.7707579, 3, 0.08272157, 0.2117731, -0.00094554614]]	[[0.0, 0.0, 0.0, 0.0, 0.0, 0.0]]
[[0.60565966, 1.2870219, 3, -0.17588137, 0.13862199, -0.0022680108]]	[[0.0, 0.0, 0.0, 0.0, 0.0, 0.0]]
[[0.77809733, -1.7810196e-05, 3, -0.008138425, 0.15787396, -0.0011544412]]	[[0.0, 0.0, 0.0, 0.0, 0.0, 0.0]]
[[0.7100685, 0.15066433, 3, -0.030979447, 0.1446926, -0.0015295169]]	[[0.0, 0.0, 0.0, 0.0, 0.0, 0.0]]
[[1.1227051, -0.77708495, 3, 0.0834261, 0.21108384, -0.0009458798]]	[[0.0, 0.0, 0.0, 0.0, 0.0, 0.0]]
[[0.68312377, 1.0232105, 3, -0.13598777, 0.15635373, 0.000211851]]	[[0.0, 0.0, 0.0, 0.0, 0.0, 0.0]]
[[0.7713074, 0.26578996, 3, -0.04815586, 0.15477614, -0.0034579956]]	[[0.0, 0.0, 0.0, 0.0, 0.0, 0.0]]
[[0.72488123, 0.25503314, 3, -0.046984088, 0.14828959, -0.0017942779]]	[[0.0, 0.0, 0.0, 0.0, 0.0, 0.0]]
[[0.7154336, 0.07342548, 3, -0.019580927, 0.14519121, -0.0015105017]]	[[0.0, 0.0, 0.0, 0.0, 0.0, 0.0]]
[[1.119821, -0.78681135, 3, 0.08514023, 0.21046573, -0.00093464286]]	[[0.0, 0.0, 0.0, 0.0, 0.0, 0.0]]
[[0.5878445, 1.2824349, 3, -0.17497157, 0.13507283, -0.002209205]]	[[0.0, 0.0, 0.0, 0.0, 0.0, 0.0]]
[[0.7636938, -0.0025260984, 3, -0.0076164734, 0.15492132, -0.0011285966]]	[[0.0, 0.0, 0.0, 0.0, 0.0, 0.0]]
[[0.7412776, 0.15687358, 3, -0.032228284, 0.1509951, -0.0016002584]]	[[0.0, 0.0, 0.0, 0.0, 0.0, 0.0]]
[[1.117029, -0.77746725, 3, 0.083502345, 0.20990586, -0.0009434069]]	[[0.0, 0.0, 0.0, 0.0, 0.0, 0.0]]
[[0.63026524, 1.0224637, 3, -0.13523358, 0.14546587, 0.00018060823]]	[[0.0, 0.0, 0.0, 0.0, 0.0, 0.0]]
[[0.75534225, 0.2541139, 3, -0.046276413, 0.15171354, -0.003255688]]	[[0.0, 0.0, 0.0, 0.0, 0.0, 0.0]]
[[0.70761526, 0.25027668, 3, -0.046088073, 0.14475368, -0.0017479889]]	[[0.0, 0.0, 0.0, 0.0, 0.0, 0.0]]
[[0.7525285, 0.06428274, 3, -0.01853572, 0.15257518, -0.0015561929]]	[[0.0, 0.0, 0.0, 0.0, 0.0, 0.0]]
[[1.157796, -0.7681326, 3, 0.08214286, 0.21813951, -0.0009674808]]	[[0.0, 0.0, 0.0, 0.0, 0.0, 0.0]]
[[0.539815, 1.27465, 3, -0.17319456, 0.12535052, -0.002050105]]	[[0.0, 0.0, 0.0, 0.0, 0.0, 0.0]]
[[0.7524664, -0.004873714, 3, -0.007295257, 0.15261485, -0.0011483937]]	[[0.0, 0.0, 0.0, 0.0, 0.0, 0.0]]
[[0.68533003, 0.14623071, 3, -0.030071074, 0.13962576, -0.0014777099]]	[[0.0, 0.0, 0.0, 0.0, 0.0, 0.0]]
[[1.1091143, -0.77901363, 3, 0.083778664, 0.20818476, -0.0009386223]]	[[0.0, 0.0, 0.0, 0.0, 0.0, 0.0]]
[[0.6159569, 1.0183034, 3, -0.13448477, 0.14259917, 0.00024397671]]	[[0.0, 0.0, 0.0, 0.0, 0.0, 0.0]]
[[0.78384554, 0.2611724, 3, -0.04769421, 0.15748663, -0.0033718622]]	[[0.0, 0.0, 0.0, 0.0, 0.0, 0.0]]
[[0.6525819, 0.24232063, 3, -0.04434907, 0.13360833, -0.0016193166]]	[[0.0, 0.0, 0.0, 0.0, 0.0, 0.0]]
[[0.7339073, 0.07550946, 3, -0.020067668, 0.1488208, -0.0015546656]]	[[0.0, 0.0, 0.0, 0.0, 0.0, 0.0]]
[[1.1056654, -0.78833574, 3, 0.08543889, 0.20750321, -0.0009271706]]	[[0.0, 0.0, 0.0, 0.0, 0.0, 0.0]]
[[0.5651543, 1.2787006, 3, -0.17415518, 0.1305938, -0.002141598]]	[[0.0, 0.0, 0.0, 0.0, 0.0, 0.0]]
[[0.7397936, -0.0068085464, 3, -0.006773967, 0.15000542, -0.0010917888]]	[[0.0, 0.0, 0.0, 0.0, 0.0, 0.0]]
[[0.7172579, 0.1522956, 3, -0.031304963, 0.14607276, -0.0015483877]]	[[0.0, 0.0, 0.0, 0.0, 0.0, 0.0]]
[[1.1035426, -0.77913696, 3, 0.083821416, 0.20703728, -0.0009361173]]	[[0.0, 0.0, 0.0, 0.0, 0.0, 0.0]]
[[0.60546046, 1.0194819, 3, -0.1345248, 0.14048111, 0.00021846064]]	[[0.0, 0.0, 0.0, 0.0, 0.0, 0.0]]
[[0.72779787, 0.24788721, 3, -0.045059565, 0.14613463, -0.0031700586]]	[[0.0, 0.0, 0.0, 0.0, 0.0, 0.0]]
[[0.6864803, 0.24633127, 3, -0.045308225, 0.1404171, -0.0016990865]]	[[0.0, 0.0, 0.0, 0.0, 0.0, 0.0]]
[[0.7286462, 0.059638068, 3, -0.017594265, 0.14768182, -0.0015056957]]	[[0.0, 0.0, 0.0, 0.0, 0.0, 0.0]]
[[1.0982299, -0.77476496, 3, 0.08344372, 0.20604688, -0.0009302319]]	[[0.0, 0.0, 0.0, 0.0, 0.0, 0.0]]
[[0.55479276, 1.277804, 3, -0.17392169, 0.1285424, -0.002114563]]	[[0.0, 0.0, 0.0, 0.0, 0.0, 0.0]]
[[0.6840129, -0.015640538, 3, -0.004926655, 0.13867688, -0.0009849435]]	[[0.0, 0.0, 0.0, 0.0, 0.0, 0.0]]
[[0.70437175, 0.1482084, 3, -0.030591032, 0.14336972, -0.0015204417]]	[[0.0, 0.0, 0.0, 0.0, 0.0, 0.0]]
[[1.0955775, -0.78007585, 3, 0.08402071, 0.20535812, -0.00093076396]]	[[0.0, 0.0, 0.0, 0.0, 0.0, 0.0]]
[[0.59187096, 1.0164746, 3, -0.13396817, 0.13775766, 0.00026127716]]	[[0.0, 0.0, 0.0, 0.0, 0.0, 0.0]]
[[0.7146415, 0.24602665, 3, -0.044650767, 0.14345549, -0.003156452]]	[[0.0, 0.0, 0.0, 0.0, 0.0, 0.0]]
[[0.673019, 0.24427184, 3, -0.044876248, 0.13766788, -0.0016686817]]	[[0.0, 0.0, 0.0, 0.0, 0.0, 0.0]]
[[0.71586514, 0.056572948, 3, -0.01700471, 0.14505656, -0.0014779688]]	[[0.0, 0.0, 0.0, 0.0, 0.0, 0.0]]
[[1.0903823, -0.77522475, 3, 0.08357804, 0.20440249, -0.0009256512]]	[[0.0, 0.0, 0.0, 0.0, 0.0, 0.0]]
[[0.53796685, 1.2745963, 3, -0.17326415, 0.12518515, -0.002063906]]	[[0.0, 0.0, 0.0, 0.0, 0.0, 0.0]]
[[0.71739525, -0.010206372, 3, -0.006084614, 0.14540145, -0.0010636982]]	[[0.0, 0.0, 0.0, 0.0, 0.0, 0.0]]
[[0.6953598, 0.14670667, 3, -0.030264568, 0.14157063, -0.0015010177]]	[[0.0, 0.0, 0.0, 0.0, 0.0, 0.0]]
[[1.0448767, -0.78517824, 3, 0.0850677, 0.19515131, -0.00089886045]]	[[0.0, 0.0, 0.0, 0.0, 0.0, 0.0]]
1
